key,best_asymmetry_score,mean_asymmetry_score,Average_Circularity,Mean Color,Median Color,Std Color,Color 1,Color 2,Color 3,Color 4,Color 5,Color Variation,Color Diversity,Color Asymmetry,Blue Dominance,Dark Ratio,Color Entropy,Highly Sat Ratio,Border Contrast,White,Red,Light Brown,Dark Brown,Blue Green,Black,Color Count,label
PAT_333_1468_620,3,3.0,0.4568,107.21,98.0,27.54,"(124, 87, 81)","(165, 120, 105)","(196, 156, 141)","(143, 99, 88)","(105, 76, 74)",67.51,3,5.25,0.0,0.0,2.662,0.0,73.11,1,0,1,0,0,0,2,0.0
PAT_42_58_13,1,1.0,0.8723,83.1,69.0,39.31,"(161, 94, 77)","(130, 60, 51)","(95, 28, 19)","(145, 75, 63)","(116, 47, 39)",53.39,3,6.27,0.0,0.041,2.604,0.579,28.08,0,0,1,1,0,0,2,1.0
PAT_330_1438_323,3,3.0,0.4448,158.04,155.0,45.26,"(216, 159, 165)","(184, 82, 85)","(212, 132, 140)","(216, 189, 193)","(201, 111, 116)",76.66,5,16.5,0.0,0.0,3.885,0.055,2.2,1,0,1,0,0,0,2,1.0
PAT_442_863_795,1,2.0,0.8613,147.66,142.0,32.73,"(170, 106, 105)","(189, 140, 150)","(180, 121, 126)","(227, 192, 205)","(203, 162, 175)",71.19,4,8.67,0.0,0.0,2.596,0.0,10.51,1,0,1,0,0,0,2,1.0
PAT_108_161_878,2,2.5,0.7407,126.94,128.0,39.86,"(147, 120, 125)","(229, 228, 234)","(142, 63, 73)","(168, 156, 160)","(141, 93, 101)",117.91,5,25.82,0.1,0.0,4.127,0.067,54.03,1,0,0,0,0,0,1,1.0
PAT_166_3672_759,3,3.0,0.7097,114.3,115.0,31.42,"(155, 122, 109)","(107, 83, 71)","(167, 141, 131)","(63, 49, 41)","(130, 102, 88)",81.01,5,29.24,0.0,0.023,3.43,0.0,54.05,0,0,1,1,0,1,3,
PAT_553_1049_461,3,3.0,0.7042,181.91,185.0,23.51,"(200, 181, 169)","(183, 134, 127)","(220, 213, 211)","(206, 193, 186)","(191, 161, 151)",58.56,3,10.94,0.01,0.0,2.961,0.0,25.45,1,0,0,0,0,0,1,1.0
PAT_214_329_300,3,3.0,0.5774,119.72,118.0,37.34,"(107, 52, 57)","(173, 120, 129)","(152, 94, 104)","(199, 152, 160)","(129, 73, 80)",84.44,5,31.42,0.0,0.001,3.701,0.011,5.44,1,0,1,1,0,0,3,1.0
PAT_183_283_495,3,3.0,0.7627,131.66,128.0,21.96,"(147, 151, 156)","(119, 117, 117)","(168, 178, 189)","(131, 133, 135)","(105, 100, 100)",65.42,3,29.58,0.496,0.0,2.941,0.0,24.61,0,0,0,0,0,0,0,1.0
PAT_154_237_625,3,3.0,0.4942,99.2,81.0,52.94,"(81, 58, 58)","(189, 110, 95)","(175, 66, 57)","(134, 58, 50)","(226, 176, 152)",110.27,5,36.64,0.005,0.024,4.574,0.497,34.88,1,0,1,1,0,1,4,1.0
PAT_557_1058_309,1,1.5,0.8769,140.69,149.0,39.79,"(177, 130, 133)","(157, 74, 65)","(203, 193, 203)","(185, 157, 164)","(168, 106, 105)",91.19,5,2.13,0.031,0.0,3.43,0.094,30.26,1,0,1,0,0,0,2,1.0
PAT_197_301_449,3,3.0,0.8542,86.47,82.0,27.91,"(139, 114, 111)","(105, 68, 58)","(75, 35, 32)","(117, 86, 80)","(179, 161, 165)",99.99,5,3.16,0.003,0.032,2.796,0.028,27.79,1,0,0,1,0,1,3,1.0
PAT_464_899_646,3,3.0,0.6825,90.64,91.0,55.76,"(81, 9, 15)","(170, 111, 115)","(145, 74, 78)","(119, 33, 34)","(212, 180, 181)",134.12,5,13.09,0.006,0.238,4.334,0.455,71.69,1,0,1,1,0,1,4,1.0
PAT_237_362_909,2,2.5,0.8011,136.44,131.0,41.89,"(190, 126, 105)","(161, 91, 68)","(209, 162, 141)","(177, 109, 85)","(198, 143, 123)",56.16,3,21.93,0.0,0.0,3.06,0.075,7.42,0,0,1,0,0,0,1,1.0
PAT_460_894_242,1,1.5,0.8033,93.51,93.0,37.24,"(130, 91, 78)","(111, 70, 53)","(84, 42, 28)","(165, 152, 143)","(146, 117, 103)",87.11,5,36.2,0.0,0.057,3.777,0.186,5.26,1,0,1,1,0,1,4,1.0
PAT_128_194_144,2,2.5,0.8431,162.93,160.0,30.74,"(171, 175, 174)","(138, 123, 116)","(183, 212, 192)","(159, 148, 146)","(204, 238, 225)",85.43,5,14.76,0.183,0.0,4.069,0.0,41.64,1,0,0,0,0,0,1,1.0
PAT_192_295_164,1,1.0,0.8972,144.52,129.0,46.2,"(205, 130, 105)","(193, 117, 90)","(238, 175, 155)","(221, 147, 119)","(176, 101, 77)",59.97,2,31.8,0.0,0.0,2.835,0.028,12.41,1,0,1,0,0,0,2,1.0
PAT_160_248_254,3,3.0,0.7233,121.82,121.0,29.28,"(131, 92, 110)","(162, 133, 157)","(112, 74, 89)","(146, 110, 133)","(180, 161, 189)",73.61,5,28.5,0.119,0.0,3.499,0.0,37.58,1,0,0,0,0,0,1,1.0
PAT_462_896_893,3,3.0,0.6949,87.66,83.0,33.64,"(117, 64, 67)","(134, 85, 87)","(95, 38, 44)","(186, 152, 157)","(151, 109, 113)",88.4,5,12.5,0.0,0.038,3.431,0.145,23.81,1,0,1,1,0,1,4,1.0
PAT_300_648_84,1,1.0,0.8554,131.73,135.0,22.07,"(144, 113, 116)","(165, 147, 158)","(134, 98, 94)","(153, 131, 136)","(110, 79, 68)",61.7,3,9.11,0.046,0.0,2.816,0.0,16.78,1,0,0,0,0,0,1,0.0
PAT_67_104_695,3,3.0,0.7984,82.54,81.0,31.64,"(77, 87, 101)","(41, 37, 47)","(103, 112, 122)","(59, 64, 77)","(125, 142, 155)",84.92,5,9.41,0.761,0.142,4.222,0.02,30.63,0,0,0,1,0,1,2,1.0
PAT_492_1784_50,3,3.0,0.5986,153.43,154.0,38.46,"(194, 183, 149)","(148, 128, 106)","(214, 212, 184)","(170, 159, 123)","(130, 104, 79)",85.92,5,17.81,0.0,0.0,4.376,0.001,33.97,1,0,1,1,0,0,3,0.0
PAT_256_394_449,3,3.0,0.2909,133.83,125.0,37.17,"(181, 103, 106)","(185, 128, 125)","(196, 157, 153)","(159, 109, 96)","(171, 81, 86)",52.85,4,13.54,0.0,0.0,3.259,0.016,19.66,1,0,1,0,0,0,2,1.0
PAT_63_1075_498,3,3.0,0.7853,151.71,151.0,42.57,"(169, 101, 87)","(219, 172, 156)","(183, 122, 108)","(237, 206, 195)","(200, 145, 131)",81.78,5,61.84,0.0,0.0,3.659,0.007,9.87,1,0,1,0,0,0,2,1.0
PAT_545_1031_428,2,2.5,0.6297,133.63,139.0,27.93,"(172, 147, 151)","(140, 92, 92)","(150, 112, 115)","(185, 171, 174)","(161, 131, 135)",59.97,4,12.05,0.004,0.0,2.685,0.0,26.81,1,0,1,0,0,0,2,1.0
PAT_101_1041_651,1,2.0,0.8198,93.56,90.0,28.63,"(115, 86, 73)","(145, 135, 121)","(73, 60, 52)","(97, 71, 60)","(128, 106, 92)",62.2,4,18.17,0.0,0.009,3.721,0.002,5.37,1,0,1,1,0,1,4,1.0
PAT_255_388_77,2,2.5,0.7413,127.27,125.0,37.41,"(135, 94, 88)","(185, 146, 133)","(110, 75, 70)","(162, 118, 109)","(206, 173, 158)",82.37,5,63.74,0.0,0.0,3.548,0.0,23.44,0,0,1,1,0,1,3,1.0
PAT_328_1738_890,2,2.5,0.8152,98.8,93.0,36.73,"(78, 54, 50)","(129, 102, 99)","(160, 141, 140)","(104, 76, 72)","(198, 193, 190)",114.41,5,0.0,0.014,0.014,3.57,0.0,3.36,1,0,1,1,0,1,4,0.0
PAT_27_38_240,1,2.0,0.8695,66.42,62.0,38.95,"(68, 53, 34)","(136, 116, 83)","(30, 22, 11)","(100, 84, 59)","(189, 169, 126)",119.09,5,8.33,0.0,0.347,3.715,0.155,69.91,1,0,1,1,0,1,4,0.0
PAT_272_420_10,3,3.0,0.7722,140.59,141.0,42.36,"(194, 163, 144)","(154, 101, 81)","(178, 131, 113)","(110, 59, 39)","(229, 200, 186)",113.91,5,31.47,0.0,0.013,4.175,0.058,18.13,1,0,1,1,0,1,4,1.0
PAT_460_893_883,3,3.0,0.3196,140.97,132.0,47.83,"(163, 66, 61)","(201, 136, 112)","(192, 112, 85)","(217, 164, 143)","(249, 222, 208)",109.24,5,6.98,0.0,0.0,3.342,0.173,38.6,1,0,1,1,0,0,3,1.0
PAT_365_751_709,1,2.0,0.8072,124.49,118.0,38.61,"(165, 109, 82)","(187, 140, 118)","(176, 123, 100)","(152, 92, 59)","(218, 173, 152)",66.53,4,19.9,0.0,0.0,2.945,0.149,5.13,1,0,1,0,0,0,2,1.0
PAT_303_652_342,2,2.5,0.3952,148.35,151.0,36.98,"(166, 134, 121)","(205, 190, 175)","(122, 73, 58)","(185, 157, 145)","(145, 104, 91)",91.18,5,32.98,0.0,0.0,4.15,0.016,12.83,1,0,1,1,0,0,3,1.0
PAT_70_107_591,3,3.0,0.2897,81.26,79.0,21.57,"(85, 88, 90)","(53, 57, 59)","(129, 126, 124)","(72, 73, 74)","(105, 104, 105)",59.62,3,38.52,0.579,0.024,3.067,0.0,57.18,0,0,0,0,0,1,1,1.0
PAT_152_230_707,1,2.0,0.8699,88.86,71.0,41.58,"(119, 55, 48)","(195, 156, 153)","(154, 98, 94)","(243, 229, 226)","(134, 71, 65)",138.62,4,11.12,0.001,0.0,2.778,0.334,20.32,1,0,1,1,0,0,3,1.0
PAT_364_749_377,3,3.0,0.809,118.44,121.0,34.05,"(159, 129, 140)","(130, 83, 91)","(119, 62, 66)","(142, 103, 115)","(182, 162, 173)",78.5,5,29.2,0.022,0.0,3.753,0.01,35.21,1,0,1,1,0,0,3,1.0
PAT_72_110_944,3,3.0,0.6269,108.02,108.0,34.54,"(119, 75, 65)","(167, 137, 123)","(155, 116, 99)","(97, 55, 48)","(140, 96, 80)",65.73,5,23.72,0.0,0.001,3.251,0.002,66.98,0,0,1,1,0,0,2,0.0
PAT_56_88_274,3,3.0,0.5513,167.62,161.0,53.61,"(228, 125, 140)","(242, 151, 169)","(187, 60, 79)","(210, 97, 113)","(252, 185, 208)",93.47,5,12.39,0.001,0.0,4.054,0.12,16.74,1,0,1,0,0,0,2,1.0
PAT_456_887_499,3,3.0,0.6712,135.67,133.0,17.82,"(155, 113, 123)","(149, 126, 129)","(163, 136, 142)","(147, 102, 112)","(161, 123, 131)",23.84,1,3.27,0.0,0.0,2.461,0.0,14.7,0,0,0,0,0,0,0,1.0
PAT_517_972_845,1,2.0,0.8643,94.65,95.0,26.46,"(99, 54, 42)","(129, 105, 94)","(109, 74, 62)","(146, 129, 118)","(118, 87, 76)",56.46,4,30.7,0.0,0.002,2.939,0.037,14.22,1,0,1,1,0,0,3,1.0
PAT_379_4405_969,3,3.0,0.8629,136.34,135.0,29.87,"(156, 117, 111)","(179, 159, 156)","(200, 191, 192)","(142, 98, 90)","(166, 135, 130)",73.04,4,20.5,0.011,0.0,3.009,0.0,3.09,1,0,1,1,0,0,3,0.0
PAT_40_1026_312,3,3.0,0.7377,149.77,130.0,55.38,"(204, 99, 75)","(227, 136, 108)","(251, 196, 169)","(240, 159, 130)","(216, 119, 92)",69.4,4,3.86,0.0,0.0,2.799,0.268,7.67,1,0,1,0,0,0,2,1.0
PAT_579_1099_837,2,2.0,0.8653,179.03,173.0,39.0,"(234, 175, 178)","(205, 129, 127)","(221, 154, 155)","(249, 206, 209)","(170, 89, 86)",89.95,5,3.98,0.0,0.0,3.126,0.002,10.13,1,0,1,0,0,0,2,0.0
PAT_101_1041_898,3,3.0,0.7103,129.0,118.0,48.27,"(189, 108, 86)","(215, 152, 130)","(173, 88, 70)","(138, 74, 58)","(202, 127, 103)",65.39,4,7.95,0.0,0.0,3.623,0.212,16.41,0,0,1,1,0,0,2,1.0
PAT_514_969_187,3,3.0,0.7414,157.02,156.0,20.96,"(154, 138, 145)","(176, 174, 180)","(199, 205, 211)","(164, 154, 160)","(144, 124, 130)",61.8,3,19.25,0.287,0.0,2.902,0.0,8.03,1,0,0,0,0,0,1,1.0
PAT_121_184_502,2,2.5,0.875,144.74,123.0,64.68,"(220, 109, 69)","(242, 153, 106)","(208, 91, 53)","(252, 193, 147)","(231, 129, 86)",70.73,3,35.34,0.0,0.0,3.004,0.781,9.9,1,0,1,0,0,0,2,1.0
PAT_372_760_267,3,3.0,0.3448,108.02,104.0,52.88,"(185, 122, 88)","(126, 58, 36)","(155, 89, 59)","(207, 154, 123)","(81, 28, 18)",103.78,5,35.13,0.0,0.064,4.165,0.478,2.9,1,0,1,1,0,1,4,1.0
PAT_122_869_60,3,3.0,0.7938,93.67,86.0,42.33,"(111, 41, 48)","(156, 74, 77)","(176, 108, 112)","(137, 54, 60)","(169, 90, 93)",57.7,4,17.8,0.0,0.003,2.971,0.368,48.82,0,0,1,1,0,0,2,1.0
PAT_517_971_88,3,3.0,0.4819,126.47,126.0,30.83,"(180, 153, 147)","(142, 106, 101)","(75, 67, 66)","(157, 126, 121)","(115, 87, 83)",77.69,5,35.26,0.038,0.004,3.692,0.0,17.75,1,0,1,1,0,1,4,1.0
PAT_85_129_225,3,3.0,0.8356,134.19,135.0,49.14,"(124, 65, 47)","(218, 194, 148)","(181, 134, 105)","(150, 98, 73)","(200, 162, 127)",95.14,5,104.05,0.0,0.0,4.062,0.149,12.07,0,0,1,1,0,0,2,0.0
PAT_115_176_455,3,3.0,0.6284,133.42,116.0,56.95,"(197, 97, 84)","(240, 169, 165)","(179, 70, 65)","(77, 36, 38)","(216, 127, 117)",119.26,5,0.0,0.0,0.015,4.026,0.377,32.83,1,0,1,1,0,1,4,1.0
PAT_159_246_630,3,3.0,0.7825,108.74,101.0,49.9,"(166, 62, 63)","(178, 107, 105)","(152, 33, 43)","(171, 86, 84)","(196, 132, 130)",68.28,5,24.29,0.0,0.0,3.114,0.416,49.6,1,0,1,0,0,0,2,1.0
PAT_270_1387_430,1,2.0,0.8344,69.82,67.0,33.59,"(112, 100, 85)","(35, 27, 16)","(85, 75, 62)","(141, 129, 113)","(61, 52, 39)",87.25,5,29.7,0.0,0.3,3.624,0.067,38.19,0,0,0,1,0,1,2,
PAT_212_326_597,3,3.0,0.8363,135.08,137.0,30.61,"(137, 93, 80)","(182, 152, 139)","(155, 116, 103)","(169, 136, 121)","(193, 169, 161)",61.35,3,48.6,0.0,0.0,3.139,0.0,6.64,1,0,1,0,0,0,2,1.0
PAT_96_150_743,3,3.0,0.7448,96.7,87.0,50.17,"(151, 84, 84)","(153, 56, 52)","(214, 205, 205)","(162, 117, 118)","(149, 26, 21)",124.76,5,41.87,0.003,0.015,3.346,0.488,33.05,1,0,1,1,0,0,3,1.0
PAT_155_238_413,3,3.0,0.5375,125.19,118.0,61.27,"(191, 103, 99)","(105, 36, 38)","(243, 186, 185)","(153, 75, 74)","(220, 140, 135)",123.78,5,101.67,0.0,0.054,4.76,0.235,18.45,1,0,1,1,0,1,4,0.0
PAT_161_250_197,3,3.0,0.4646,156.92,155.0,35.99,"(200, 158, 157)","(181, 115, 114)","(155, 64, 66)","(191, 137, 134)","(215, 186, 187)",85.57,5,12.13,0.0,0.0,3.231,0.031,16.39,1,0,1,0,0,0,2,1.0
PAT_63_98_187,2,2.5,0.6907,112.35,109.0,24.09,"(131, 86, 81)","(144, 112, 106)","(111, 70, 67)","(142, 100, 93)","(149, 125, 122)",42.94,2,15.87,0.0,0.0,2.251,0.0,25.36,0,0,1,0,0,0,1,1.0
PAT_336_705_711,3,3.0,0.7996,125.19,117.0,38.83,"(170, 92, 92)","(188, 128, 130)","(141, 59, 63)","(177, 109, 110)","(160, 78, 78)",52.6,3,15.04,0.0,0.0,2.779,0.03,21.72,0,0,1,0,0,0,1,1.0
PAT_267_1061_152,3,3.0,0.7408,160.08,162.0,30.48,"(183, 143, 155)","(160, 105, 106)","(209, 194, 211)","(192, 165, 178)","(172, 123, 131)",71.7,5,0.0,0.081,0.0,3.372,0.0,19.4,1,0,1,0,0,0,2,1.0
PAT_115_177_575,1,2.0,0.6437,176.49,173.0,64.4,"(238, 110, 94)","(253, 242, 211)","(252, 150, 125)","(253, 187, 154)","(217, 73, 64)",111.33,5,70.71,0.001,0.0,3.724,0.281,8.84,1,0,1,0,0,0,2,1.0
PAT_428_845_189,1,1.0,0.8578,126.65,127.0,30.11,"(144, 105, 105)","(161, 148, 150)","(129, 82, 78)","(151, 124, 126)","(185, 190, 195)",80.45,4,15.08,0.058,0.0,3.145,0.005,9.08,1,0,1,1,0,0,3,0.0
PAT_262_402_265,3,3.0,0.6887,141.36,145.0,34.39,"(136, 101, 102)","(179, 152, 155)","(97, 75, 77)","(163, 131, 132)","(194, 178, 181)",87.76,5,56.57,0.043,0.002,3.541,0.0,18.33,1,0,1,1,0,1,4,1.0
PAT_172_267_557,1,1.0,1.04,138.55,139.0,36.79,"(156, 139, 139)","(104, 83, 81)","(196, 214, 220)","(175, 168, 170)","(135, 111, 109)",103.73,5,23.09,0.182,0.003,4.348,0.0,9.37,1,1,1,1,0,1,5,1.0
PAT_263_404_410,2,2.0,0.786,115.39,113.0,28.23,"(182, 150, 151)","(139, 94, 96)","(123, 75, 77)","(150, 113, 114)","(163, 133, 133)",60.13,4,16.61,0.0,0.0,2.819,0.0,47.04,0,0,1,0,0,0,1,0.0
PAT_147_219_206,1,1.25,0.7098,158.49,153.0,55.18,"(222, 151, 129)","(206, 39, 28)","(217, 126, 102)","(231, 178, 157)","(214, 85, 66)",94.94,5,12.72,0.0,0.0,3.681,0.206,29.96,1,0,1,0,0,0,2,1.0
PAT_406_1542_301,1,2.0,0.846,101.93,89.0,35.86,"(159, 109, 89)","(122, 63, 50)","(141, 80, 65)","(153, 92, 73)","(177, 143, 123)",57.43,3,4.0,0.0,0.0,2.527,0.119,23.09,0,0,1,1,0,0,2,1.0
PAT_394_794_235,3,3.0,0.6716,126.64,110.0,49.65,"(182, 88, 75)","(205, 131, 113)","(194, 109, 94)","(168, 67, 56)","(221, 157, 138)",65.49,5,10.61,0.0,0.0,3.278,0.29,8.99,1,0,1,0,0,0,2,1.0
PAT_53_1370_288,3,3.0,0.6142,133.0,128.0,26.33,"(167, 121, 127)","(117, 53, 59)","(149, 93, 99)","(174, 138, 142)","(159, 108, 114)",61.5,3,16.78,0.0,0.0,2.521,0.007,19.54,0,0,1,1,0,0,2,1.0
PAT_330_1440_532,1,1.0,0.8676,170.82,171.0,32.73,"(187, 170, 182)","(157, 121, 130)","(226, 231, 240)","(200, 193, 205)","(175, 146, 156)",82.58,5,50.74,0.269,0.0,3.949,0.0,16.76,1,0,1,0,0,0,2,1.0
PAT_397_798_482,2,2.5,0.8282,126.62,126.0,34.69,"(112, 68, 80)","(177, 145, 163)","(138, 95, 110)","(157, 119, 137)","(200, 175, 192)",87.82,5,60.65,0.026,0.0,3.78,0.0,6.21,1,0,1,1,0,1,4,1.0
PAT_176_273_423,1,2.0,0.8312,116.08,115.0,36.79,"(109, 79, 58)","(194, 162, 138)","(151, 119, 96)","(174, 140, 117)","(129, 96, 73)",72.68,5,3.9,0.0,0.0,3.099,0.0,12.7,0,0,1,1,0,0,2,0.0
PAT_238_364_387,3,3.0,0.8028,128.56,122.0,27.97,"(162, 110, 110)","(180, 142, 139)","(155, 99, 100)","(148, 87, 87)","(168, 124, 122)",40.04,2,17.25,0.0,0.0,2.574,0.0,12.16,0,0,1,1,0,0,2,0.0
PAT_349_724_133,3,3.0,0.5563,118.04,106.0,40.73,"(166, 85, 86)","(183, 123, 129)","(173, 99, 105)","(151, 55, 60)","(162, 72, 74)",49.42,3,4.01,0.0,0.001,2.85,0.124,28.84,0,0,1,0,0,0,1,1.0
PAT_479_917_41,3,3.0,0.5493,148.63,148.0,48.66,"(175, 88, 82)","(200, 151, 154)","(234, 209, 212)","(187, 116, 115)","(116, 35, 36)",130.11,5,27.41,0.003,0.011,3.977,0.073,8.53,1,0,1,1,0,1,4,1.0
PAT_261_401_911,3,3.0,0.4022,100.15,97.0,22.39,"(114, 79, 84)","(151, 126, 129)","(136, 106, 109)","(124, 92, 94)","(99, 66, 70)",48.2,3,4.64,0.0,0.0,2.5,0.0,5.94,0,0,0,0,0,0,0,1.0
PAT_207_313_1,3,3.0,0.8587,125.31,122.0,23.19,"(170, 159, 173)","(142, 109, 121)","(118, 92, 106)","(154, 126, 140)","(217, 219, 234)",98.05,4,25.36,0.119,0.0,2.966,0.0,19.65,1,0,0,0,0,0,1,1.0
PAT_514_967_300,3,3.0,0.8522,115.06,98.0,41.92,"(149, 75, 59)","(168, 98, 86)","(230, 166, 155)","(186, 118, 106)","(159, 85, 71)",73.11,4,25.7,0.0,0.0,2.672,0.128,11.43,1,0,1,0,0,0,2,1.0
PAT_147_219_544,2,2.5,0.727,150.56,145.0,59.52,"(230, 168, 147)","(218, 114, 92)","(213, 79, 61)","(221, 143, 120)","(205, 36, 25)",90.14,5,12.23,0.0,0.0,3.744,0.303,45.01,1,0,1,0,0,0,2,1.0
PAT_201_946_262,2,2.5,0.6998,102.22,99.0,29.84,"(173, 159, 150)","(109, 86, 76)","(92, 69, 59)","(147, 128, 118)","(128, 106, 96)",74.71,4,25.56,0.0,0.001,3.16,0.0,3.84,1,0,0,1,0,1,3,0.0
PAT_135_202_593,3,3.0,0.6572,140.35,139.0,45.22,"(187, 116, 130)","(140, 59, 69)","(226, 177, 195)","(205, 142, 158)","(172, 88, 102)",94.21,5,42.92,0.01,0.0,4.107,0.075,43.02,1,0,1,0,0,0,2,1.0
PAT_302_651_529,1,2.0,0.7672,136.37,136.0,34.41,"(147, 108, 115)","(188, 159, 165)","(126, 83, 89)","(218, 201, 205)","(168, 133, 140)",92.22,5,38.96,0.003,0.001,3.429,0.0,4.36,1,0,0,1,0,1,3,1.0
PAT_516_966_57,3,3.0,0.8072,174.79,174.0,38.78,"(213, 152, 159)","(182, 104, 106)","(244, 199, 212)","(227, 172, 184)","(205, 134, 137)",75.01,4,72.91,0.0,0.0,3.177,0.0,14.05,1,0,1,0,0,0,2,1.0
PAT_334_703_907,1,2.0,0.824,114.83,99.0,45.43,"(167, 86, 78)","(203, 144, 139)","(186, 111, 102)","(147, 67, 60)","(235, 202, 196)",102.93,5,30.85,0.0,0.0,3.401,0.203,46.44,1,0,1,1,0,0,3,1.0
PAT_576_1089_435,3,3.0,0.7041,119.69,120.0,26.25,"(151, 129, 143)","(126, 90, 101)","(109, 74, 75)","(138, 106, 119)","(172, 154, 168)",67.78,4,40.47,0.033,0.0,3.133,0.0,7.8,1,0,0,1,0,0,2,1.0
PAT_423_839_596,3,3.0,0.4361,154.83,145.0,38.64,"(197, 130, 123)","(227, 171, 164)","(168, 97, 90)","(210, 146, 139)","(188, 115, 109)",57.81,3,29.39,0.0,0.0,3.122,0.0,18.49,1,0,1,0,0,0,2,1.0
PAT_248_379_695,3,3.0,0.6347,156.28,156.0,21.04,"(171, 145, 156)","(163, 122, 125)","(197, 176, 184)","(185, 156, 160)","(177, 138, 139)",41.66,3,24.55,0.004,0.0,2.504,0.0,8.75,0,0,0,0,0,0,0,1.0
PAT_544_1028_226,3,3.0,0.6399,125.61,121.0,35.2,"(170, 128, 115)","(157, 108, 90)","(218, 188, 177)","(148, 90, 70)","(187, 152, 140)",79.18,4,34.82,0.0,0.0,3.101,0.018,6.57,1,0,1,0,0,0,2,1.0
PAT_380_1540_525,2,2.5,0.8316,158.13,162.0,23.46,"(175, 148, 171)","(159, 115, 138)","(184, 164, 191)","(168, 130, 155)","(142, 105, 115)",52.15,3,25.45,0.288,0.0,2.929,0.0,13.21,1,0,0,0,0,0,1,1.0
PAT_539_1023_928,1,1.0,0.8798,137.06,130.0,24.7,"(167, 129, 126)","(182, 192, 174)","(148, 110, 101)","(170, 151, 144)","(159, 119, 114)",55.57,3,11.15,0.0,0.0,2.685,0.0,7.71,1,0,1,0,0,0,2,0.0
PAT_115_177_622,3,3.0,0.6564,176.21,172.0,64.06,"(213, 66, 58)","(253, 182, 150)","(253, 242, 212)","(251, 141, 118)","(235, 104, 89)",116.0,5,70.55,0.0,0.0,3.676,0.269,10.17,1,0,1,0,0,0,2,1.0
PAT_306_1646_903,3,3.0,0.7676,89.19,77.0,37.76,"(134, 70, 54)","(117, 55, 42)","(162, 105, 83)","(146, 85, 65)","(72, 30, 26)",62.21,3,10.04,0.0,0.022,2.752,0.428,8.93,0,0,1,1,0,1,3,0.0
PAT_245_376_24,3,3.0,0.734,137.34,138.0,31.5,"(166, 116, 135)","(147, 90, 109)","(209, 172, 190)","(180, 139, 157)","(105, 42, 52)",101.76,5,12.03,0.0,0.006,3.309,0.011,14.12,1,0,1,1,0,1,4,1.0
PAT_81_123_52,1,1.0,0.5513,144.06,146.0,44.58,"(143, 110, 68)","(226, 221, 175)","(188, 167, 120)","(167, 141, 96)","(207, 194, 146)",86.7,5,8.57,0.0,0.0,3.724,0.064,34.97,1,0,1,0,0,0,2,0.0
PAT_419_833_148,3,3.0,0.4656,106.89,94.0,44.76,"(150, 80, 57)","(166, 94, 66)","(201, 140, 112)","(136, 66, 46)","(180, 111, 82)",57.62,2,25.63,0.0,0.0,2.978,0.556,32.34,1,0,1,0,0,0,2,1.0
PAT_388_787_818,3,3.0,0.7658,134.46,135.0,27.55,"(140, 84, 97)","(175, 132, 151)","(189, 150, 168)","(153, 103, 120)","(165, 117, 136)",53.05,3,33.63,0.0,0.0,3.078,0.0,20.36,1,0,1,0,0,0,2,1.0
PAT_154_235_162,1,2.0,0.8572,165.26,169.0,48.7,"(204, 131, 93)","(213, 156, 124)","(237, 211, 184)","(191, 97, 53)","(222, 182, 151)",87.75,5,3.43,0.0,0.0,3.73,0.159,22.14,1,0,1,0,0,0,2,1.0
PAT_177_274_371,2,2.5,0.7822,132.22,134.0,32.95,"(163, 121, 136)","(141, 83, 89)","(200, 188, 214)","(155, 106, 116)","(180, 142, 163)",82.34,4,9.34,0.04,0.0,3.369,0.0,9.03,1,0,1,0,0,0,2,1.0
PAT_123_186_718,2,2.5,0.8728,161.86,165.0,40.81,"(176, 101, 113)","(208, 168, 167)","(121, 42, 53)","(194, 139, 143)","(230, 198, 204)",115.73,5,13.08,0.0,0.009,4.063,0.033,30.38,1,0,1,1,0,1,4,1.0
PAT_78_118_164,1,1.0,0.5782,95.53,93.0,43.17,"(145, 123, 143)","(56, 32, 31)","(118, 87, 99)","(186, 189, 217)","(90, 60, 66)",133.46,5,9.68,0.164,0.131,4.221,0.017,25.84,1,0,0,1,0,1,3,1.0
PAT_168_262_292,1,1.0,0.8674,131.37,118.0,54.91,"(173, 74, 49)","(201, 127, 114)","(221, 168, 160)","(190, 101, 78)","(247, 229, 225)",120.5,5,5.35,0.0,0.008,3.854,0.428,33.27,1,0,1,1,0,1,4,1.0
PAT_585_1130_474,1,1.0,0.8765,133.28,129.0,31.49,"(117, 110, 115)","(149, 161, 166)","(132, 134, 140)","(175, 191, 195)","(108, 89, 91)",80.08,5,62.58,0.564,0.0,3.546,0.0,28.64,1,0,0,0,0,0,1,0.0
PAT_304_653_446,3,3.0,0.6338,123.88,109.0,40.55,"(207, 143, 144)","(171, 95, 85)","(160, 82, 69)","(180, 106, 100)","(185, 117, 117)",51.32,2,8.39,0.0,0.0,2.75,0.07,7.21,0,0,1,0,0,0,1,1.0
PAT_59_46_537,3,3.0,0.7058,134.62,134.0,28.84,"(140, 121, 101)","(177, 158, 138)","(115, 100, 84)","(158, 139, 117)","(196, 181, 161)",68.15,5,15.05,0.002,0.0,3.421,0.0,72.41,1,0,1,0,0,0,2,
PAT_85_129_980,3,3.0,0.7207,142.52,141.0,59.21,"(191, 125, 76)","(237, 185, 122)","(168, 97, 53)","(219, 160, 100)","(251, 217, 143)",86.43,5,39.15,0.0,0.0,3.625,0.527,18.38,0,0,1,0,0,0,1,0.0
PAT_330_696_894,3,3.0,0.7712,98.59,87.0,54.49,"(166, 82, 60)","(144, 35, 9)","(191, 120, 104)","(163, 68, 33)","(175, 97, 82)",66.24,4,55.7,0.0,0.005,3.453,0.666,35.28,0,0,1,0,0,0,1,1.0
PAT_205_311_255,2,2.75,0.8123,140.57,138.0,27.29,"(163, 115, 109)","(179, 140, 136)","(156, 100, 92)","(186, 158, 154)","(174, 127, 123)",44.13,2,16.44,0.0,0.0,2.374,0.0,10.35,0,0,1,0,0,0,1,0.0
PAT_373_2598_514,3,3.0,0.7775,112.05,114.0,34.96,"(170, 147, 147)","(108, 71, 65)","(145, 120, 117)","(125, 97, 92)","(85, 46, 39)",84.34,5,69.05,0.0,0.021,3.462,0.023,43.99,1,0,1,1,0,1,4,
PAT_571_1097_652,3,3.0,0.6428,149.62,155.0,21.51,"(164, 128, 140)","(169, 145, 161)","(159, 115, 127)","(175, 156, 175)","(151, 97, 108)",46.3,1,18.26,0.118,0.0,2.664,0.0,9.51,0,0,1,0,0,0,1,0.0
PAT_403_804_994,3,3.0,0.816,111.92,105.0,38.93,"(93, 89, 87)","(139, 152, 156)","(113, 121, 123)","(168, 190, 198)","(69, 66, 65)",103.73,5,91.17,0.481,0.012,4.112,0.001,28.42,1,0,0,1,0,1,3,0.0
PAT_115_175_283,2,2.5,0.7275,109.19,74.0,78.3,"(213, 63, 52)","(250, 192, 170)","(188, 31, 33)","(232, 99, 82)","(152, 16, 24)",121.82,5,10.45,0.0,0.006,4.342,0.887,48.51,1,0,1,0,0,0,2,1.0
PAT_247_378_484,3,3.0,0.7841,80.79,76.0,37.92,"(114, 64, 49)","(156, 114, 96)","(91, 43, 29)","(182, 150, 129)","(135, 86, 71)",85.16,5,47.38,0.0,0.082,3.282,0.403,4.15,0,0,1,1,0,1,3,1.0
PAT_191_294_629,3,3.0,0.3704,86.1,80.0,48.03,"(146, 117, 122)","(65, 25, 27)","(180, 174, 181)","(98, 50, 52)","(122, 81, 83)",119.32,5,29.08,0.099,0.217,4.691,0.234,28.33,1,0,1,1,0,1,4,1.0
PAT_523_988_900,2,2.5,0.8625,90.95,87.0,24.93,"(118, 83, 58)","(125, 90, 67)","(131, 96, 74)","(122, 86, 62)","(114, 79, 54)",15.2,1,0.0,0.0,0.0,1.562,0.0,9.05,0,0,0,0,0,0,0,1.0
PAT_156_241_538,3,3.0,0.5855,136.27,138.0,20.64,"(146, 112, 104)","(161, 140, 136)","(154, 127, 121)","(135, 90, 84)","(171, 154, 152)",49.08,3,6.11,0.0,0.0,2.519,0.0,15.91,1,0,1,0,0,0,2,1.0
PAT_247_1294_292,3,3.0,1.0775,104.99,100.0,33.46,"(125, 67, 72)","(155, 103, 108)","(94, 46, 63)","(142, 85, 87)","(168, 127, 136)",65.65,4,26.84,0.004,0.002,3.403,0.019,5.52,0,0,1,1,0,0,2,1.0
PAT_62_97_868,1,2.0,0.7342,168.27,168.0,30.95,"(164, 132, 134)","(193, 177, 185)","(181, 152, 155)","(221, 215, 224)","(117, 75, 77)",106.15,5,18.23,0.12,0.0,3.176,0.0,6.57,1,0,1,0,0,0,2,1.0
PAT_38_54_234,1,2.0,0.8617,136.71,126.0,33.39,"(202, 163, 151)","(180, 127, 113)","(173, 100, 94)","(186, 139, 127)","(177, 112, 103)",43.53,3,7.11,0.0,0.0,2.001,0.0,19.24,1,0,1,0,0,0,2,1.0
PAT_241_367_89,3,3.0,0.5662,138.7,139.0,29.68,"(155, 135, 135)","(199, 193, 196)","(95, 78, 74)","(136, 113, 110)","(169, 155, 160)",93.71,5,9.94,0.101,0.004,3.874,0.001,9.77,1,0,1,1,0,1,4,1.0
PAT_529_994_419,1,2.0,0.8436,130.19,118.0,48.35,"(192, 118, 112)","(151, 60, 46)","(177, 95, 85)","(248, 198, 192)","(213, 147, 142)",106.29,5,41.41,0.0,0.001,3.346,0.133,2.6,1,0,1,0,0,0,2,1.0
PAT_138_206_507,3,3.0,0.7494,151.88,149.0,50.62,"(207, 143, 127)","(176, 77, 52)","(245, 221, 210)","(197, 117, 93)","(218, 174, 161)",108.14,5,5.66,0.0,0.0,4.571,0.165,43.53,1,0,1,1,0,1,4,1.0
PAT_395_795_43,3,3.0,0.7198,119.2,118.0,27.6,"(159, 125, 123)","(124, 79, 76)","(177, 149, 145)","(136, 94, 92)","(147, 108, 106)",54.58,3,14.28,0.0,0.0,2.716,0.0,19.92,1,0,1,1,0,0,3,1.0
PAT_86_131_107,2,2.5,0.8814,117.06,122.0,36.28,"(124, 107, 109)","(93, 76, 80)","(173, 168, 169)","(45, 35, 42)","(144, 135, 135)",108.88,5,35.03,0.21,0.054,3.966,0.007,39.27,1,0,0,1,0,1,3,0.0
PAT_330_695_296,2,2.5,0.8254,149.87,137.0,43.94,"(197, 123, 100)","(241, 212, 203)","(205, 139, 121)","(218, 163, 148)","(188, 105, 85)",80.37,3,40.29,0.0,0.0,2.934,0.011,12.35,1,0,1,0,0,0,2,1.0
PAT_465_901_106,2,2.0,0.8809,86.16,84.0,31.55,"(113, 74, 57)","(131, 94, 75)","(72, 44, 34)","(97, 60, 46)","(144, 111, 93)",57.44,3,11.33,0.0,0.061,2.874,0.035,55.44,0,0,1,1,0,1,3,0.0
PAT_354_1814_619,3,3.0,0.8192,107.35,104.0,23.92,"(145, 108, 101)","(123, 86, 79)","(156, 126, 119)","(133, 95, 88)","(114, 78, 71)",39.64,2,12.18,0.0,0.0,2.251,0.0,33.92,0,0,1,0,0,0,1,
PAT_309_662_737,1,1.0,0.8754,99.96,97.0,43.7,"(179, 124, 125)","(137, 66, 69)","(154, 91, 94)","(92, 10, 6)","(126, 42, 36)",90.93,5,16.18,0.0,0.053,4.159,0.286,20.85,0,0,1,1,0,1,3,1.0
PAT_160_249_76,3,3.0,0.8484,89.27,82.0,32.23,"(146, 96, 88)","(114, 65, 54)","(129, 79, 68)","(167, 123, 122)","(93, 49, 37)",65.33,4,17.47,0.0,0.012,2.95,0.094,11.28,1,0,1,1,0,1,4,1.0
PAT_521_984_412,1,2.0,0.8742,68.1,51.0,45.73,"(119, 40, 18)","(158, 89, 64)","(141, 67, 42)","(108, 29, 9)","(131, 53, 29)",46.73,3,8.91,0.0,0.08,2.289,0.981,41.98,0,0,1,0,0,0,1,1.0
PAT_344_718_206,3,3.0,0.8485,57.19,57.0,27.38,"(65, 43, 17)","(101, 81, 38)","(77, 54, 22)","(113, 94, 51)","(89, 67, 28)",39.2,2,2.48,0.0,0.375,2.02,0.866,54.56,0,0,0,1,0,0,1,0.0
PAT_180_279_746,1,2.0,0.8803,111.31,99.0,50.79,"(128, 36, 30)","(172, 88, 73)","(213, 148, 134)","(154, 68, 52)","(185, 109, 93)",83.27,5,22.81,0.0,0.013,3.679,0.458,28.97,1,0,1,1,0,0,3,1.0
PAT_91_140_664,3,3.0,0.7263,123.77,121.0,31.09,"(157, 116, 92)","(132, 83, 54)","(176, 147, 127)","(147, 102, 73)","(167, 128, 108)",52.29,3,17.19,0.0,0.0,2.796,0.035,8.18,0,0,1,1,0,0,2,0.0
PAT_406_809_581,3,3.0,0.6534,96.84,84.0,47.55,"(164, 103, 72)","(151, 82, 49)","(197, 144, 115)","(139, 64, 33)","(242, 207, 185)",113.44,4,20.41,0.0,0.001,2.402,0.801,25.52,1,0,1,0,0,0,2,1.0
PAT_388_1592_576,3,3.0,0.577,154.84,147.0,42.35,"(189, 119, 107)","(217, 161, 151)","(202, 139, 125)","(247, 202, 199)","(175, 92, 82)",83.86,4,17.49,0.0,0.0,3.383,0.016,16.4,1,0,1,0,0,0,2,1.0
PAT_39_55_233,1,1.0,0.8898,83.39,81.0,27.64,"(77, 52, 52)","(109, 92, 99)","(92, 72, 76)","(161, 162, 172)","(126, 113, 121)",87.24,5,20.5,0.088,0.024,2.948,0.0,16.17,1,0,0,1,0,1,3,1.0
PAT_319_679_533,3,3.0,0.7521,105.27,95.0,48.11,"(157, 72, 59)","(183, 115, 105)","(142, 49, 37)","(170, 93, 81)","(200, 148, 143)",76.16,5,9.36,0.0,0.004,3.521,0.482,27.25,1,0,1,1,0,0,3,1.0
PAT_207_3951_140,3,3.0,0.8056,136.23,136.0,26.08,"(161, 130, 121)","(117, 83, 71)","(179, 166, 164)","(168, 147, 141)","(144, 113, 100)",67.65,4,11.18,0.007,0.0,3.187,0.0,20.2,1,0,1,0,0,0,2,0.0
PAT_49_75_326,3,3.0,0.5026,137.01,129.0,25.8,"(170, 133, 131)","(153, 104, 103)","(206, 193, 192)","(183, 159, 157)","(163, 118, 118)",66.65,4,3.9,0.0,0.0,2.46,0.0,4.76,1,0,1,0,0,0,2,1.0
PAT_91_356_273,1,2.0,0.859,135.13,135.0,33.19,"(163, 165, 173)","(123, 111, 115)","(143, 139, 147)","(104, 79, 81)","(180, 198, 210)",94.29,5,0.0,0.462,0.001,4.054,0.0,19.91,1,0,1,1,0,0,3,0.0
PAT_468_4775_268,3,3.0,0.6661,185.72,186.0,20.92,"(212, 191, 180)","(195, 165, 157)","(222, 206, 195)","(183, 146, 140)","(204, 178, 169)",43.84,2,13.9,0.0,0.0,2.416,0.0,15.14,1,0,0,0,0,0,1,0.0
PAT_380_773_362,1,2.0,0.855,124.37,121.0,27.73,"(151, 108, 98)","(165, 135, 132)","(137, 83, 78)","(157, 97, 96)","(159, 116, 112)",37.99,3,16.16,0.0,0.0,3.044,0.0,8.0,1,0,1,1,0,0,3,1.0
PAT_324_1465_43,3,3.0,0.4291,132.27,140.0,19.93,"(144, 95, 110)","(148, 138, 153)","(146, 125, 140)","(146, 111, 125)","(141, 81, 98)",40.33,2,20.34,0.295,0.0,2.199,0.0,23.45,0,0,0,0,0,0,0,1.0
PAT_267_1062_418,1,2.0,0.8181,150.52,151.0,33.13,"(111, 83, 85)","(186, 170, 177)","(169, 142, 148)","(149, 118, 123)","(211, 214, 223)",103.0,5,49.29,0.095,0.0,3.664,0.0,20.91,1,0,0,0,0,0,1,1.0
PAT_361_1568_456,2,2.5,0.7709,151.12,141.0,44.74,"(197, 122, 114)","(172, 98, 93)","(217, 143, 130)","(65, 54, 84)","(235, 167, 153)",103.18,5,5.77,0.015,0.003,3.619,0.007,43.08,1,0,1,1,0,1,4,1.0
PAT_486_929_274,3,3.0,0.4677,83.06,78.0,30.24,"(140, 113, 108)","(115, 68, 66)","(65, 35, 37)","(90, 51, 50)","(128, 87, 83)",64.98,4,25.76,0.0,0.085,3.043,0.017,65.76,0,0,0,1,0,1,2,1.0
PAT_337_706_944,3,3.0,0.6005,201.85,204.0,23.93,"(211, 185, 188)","(236, 234, 236)","(222, 205, 209)","(186, 126, 131)","(201, 163, 164)",76.51,5,17.53,0.068,0.0,3.247,0.0,19.68,1,0,0,0,0,0,1,1.0
PAT_82_125_907,1,2.0,0.8112,79.83,67.0,49.2,"(61, 33, 30)","(151, 137, 137)","(120, 93, 92)","(196, 196, 199)","(88, 58, 54)",134.62,5,87.71,0.073,0.38,4.33,0.139,39.04,1,0,1,1,0,1,4,1.0
PAT_48_74_309,1,2.0,0.8988,168.33,168.0,22.09,"(174, 166, 146)","(195, 168, 158)","(161, 130, 123)","(183, 148, 147)","(198, 185, 175)",41.33,2,12.25,0.003,0.0,3.222,0.0,25.06,1,0,1,0,0,0,2,1.0
PAT_381_775_253,1,1.0,0.8813,114.16,116.0,27.62,"(110, 78, 84)","(138, 123, 134)","(154, 150, 162)","(73, 46, 55)","(124, 100, 109)",82.8,5,1.28,0.22,0.016,3.523,0.001,48.28,0,0,0,1,0,1,2,1.0
PAT_463_897_440,2,2.5,0.825,105.97,108.0,19.21,"(107, 85, 89)","(119, 99, 106)","(138, 129, 140)","(85, 65, 70)","(127, 111, 121)",52.79,3,17.61,0.116,0.001,2.871,0.0,12.59,0,0,0,1,0,1,2,1.0
PAT_92_141_551,3,3.0,0.5878,117.85,118.0,35.52,"(142, 106, 90)","(185, 161, 138)","(98, 53, 39)","(160, 130, 111)","(122, 82, 68)",83.13,5,13.54,0.008,0.008,3.794,0.043,9.93,1,0,1,1,0,1,4,0.0
PAT_115_175_206,1,2.0,0.7375,109.41,74.0,78.56,"(215, 65, 54)","(248, 168, 146)","(235, 107, 90)","(174, 26, 29)","(253, 232, 209)",144.23,5,7.23,0.0,0.006,4.362,0.882,56.4,1,0,1,0,0,0,2,1.0
PAT_204_310_975,3,3.0,0.837,130.65,131.0,36.75,"(149, 97, 101)","(198, 181, 183)","(181, 146, 150)","(166, 121, 126)","(130, 69, 73)",83.74,5,45.96,0.0,0.0,3.387,0.004,50.91,1,0,1,1,0,0,3,1.0
PAT_84_128_233,3,3.0,0.7346,115.73,110.0,44.6,"(139, 60, 51)","(203, 135, 128)","(168, 93, 89)","(154, 76, 68)","(182, 111, 108)",62.1,3,13.49,0.0,0.0,3.197,0.199,18.72,0,0,1,0,0,0,1,1.0
PAT_409_2614_24,1,1.0,0.8508,150.51,141.0,30.99,"(177, 105, 111)","(199, 144, 150)","(190, 132, 137)","(183, 120, 125)","(212, 161, 168)",42.59,2,27.56,0.0,0.0,2.567,0.0,5.76,1,0,1,0,0,0,2,0.0
PAT_36_49_935,3,3.0,0.8414,116.23,98.0,46.26,"(190, 110, 104)","(159, 75, 69)","(217, 145, 140)","(175, 90, 83)","(137, 58, 54)",70.39,4,7.54,0.0,0.0,2.945,0.134,7.31,1,0,1,0,0,0,2,1.0
PAT_277_427_658,2,2.0,0.8247,59.04,51.0,28.32,"(86, 34, 40)","(114, 60, 66)","(100, 46, 52)","(59, 18, 21)","(152, 106, 109)",71.65,4,11.94,0.0,0.223,2.455,0.39,14.62,0,0,0,1,0,1,2,0.0
PAT_201_306_781,2,2.5,0.7889,102.89,98.0,37.04,"(118, 63, 57)","(157, 102, 99)","(174, 126, 125)","(95, 42, 33)","(144, 85, 82)",73.0,4,56.47,0.0,0.019,3.066,0.096,4.05,1,0,1,1,0,0,3,0.0
PAT_225_345_903,2,2.0,0.8752,168.43,169.0,26.04,"(180, 142, 153)","(208, 181, 191)","(192, 160, 171)","(170, 126, 136)","(224, 210, 220)",64.46,3,25.59,0.034,0.0,3.084,0.0,10.38,1,0,0,0,0,0,1,0.0
PAT_194_298_945,3,3.0,0.7898,88.88,82.0,47.7,"(169, 131, 94)","(89, 65, 45)","(134, 99, 69)","(52, 35, 22)","(203, 171, 140)",117.38,5,36.28,0.0,0.233,4.151,0.162,75.4,1,0,1,1,0,1,4,
PAT_178_276_465,3,3.0,0.6444,115.62,117.0,27.69,"(141, 88, 105)","(151, 107, 130)","(131, 73, 86)","(168, 137, 156)","(105, 45, 54)",72.4,4,3.43,0.003,0.002,2.603,0.005,7.49,1,0,0,1,0,0,2,1.0
PAT_482_924_134,2,2.5,0.7689,118.21,111.0,27.64,"(158, 115, 102)","(149, 104, 92)","(110, 67, 57)","(168, 127, 115)","(140, 94, 81)",47.67,2,11.19,0.0,0.0,2.315,0.0,22.11,0,0,1,1,0,0,2,1.0
PAT_356_736_188,2,2.5,0.8221,140.31,123.0,51.57,"(220, 139, 124)","(182, 82, 72)","(198, 98, 89)","(234, 169, 151)","(209, 116, 104)",63.2,3,39.52,0.0,0.0,3.241,0.142,16.22,1,0,1,0,0,0,2,1.0
PAT_390_790_505,3,3.0,0.6696,101.26,102.0,43.81,"(213, 206, 204)","(129, 59, 44)","(154, 118, 104)","(171, 150, 144)","(139, 85, 71)",113.93,5,66.55,0.002,0.0,3.511,0.439,38.6,1,0,1,0,0,0,2,1.0
PAT_426_842_458,2,2.0,0.7163,117.73,104.0,34.44,"(167, 117, 102)","(162, 102, 90)","(157, 89, 81)","(180, 139, 128)","(150, 75, 68)",44.42,2,7.67,0.0,0.0,2.706,0.009,34.03,1,0,1,0,0,0,2,1.0
PAT_389_2600_833,1,2.0,0.8402,128.92,130.0,34.71,"(191, 151, 146)","(152, 98, 86)","(178, 131, 125)","(137, 81, 68)","(165, 113, 102)",58.68,3,0.0,0.0,0.0,3.082,0.003,5.73,0,0,1,0,0,0,1,0.0
PAT_98_152_562,1,2.0,0.7866,146.35,151.0,33.87,"(194, 185, 188)","(163, 109, 101)","(173, 130, 128)","(182, 152, 153)","(149, 92, 77)",74.8,5,47.74,0.026,0.0,3.261,0.0,5.63,1,0,1,0,0,0,2,1.0
PAT_445_871_524,3,3.0,0.4041,104.15,108.0,54.08,"(144, 58, 46)","(177, 126, 120)","(121, 29, 22)","(201, 163, 160)","(158, 90, 79)",104.61,5,56.01,0.0,0.043,4.203,0.483,49.58,1,0,1,1,0,1,4,1.0
PAT_514_967_908,3,3.0,0.7932,141.62,131.0,40.79,"(180, 118, 100)","(217, 159, 142)","(163, 91, 76)","(194, 135, 117)","(247, 197, 180)",82.16,4,13.65,0.0,0.001,3.073,0.011,9.7,1,0,1,1,0,0,3,1.0
PAT_108_424_944,3,3.0,0.6373,139.34,139.0,32.02,"(197, 198, 187)","(148, 140, 127)","(127, 118, 103)","(169, 166, 153)","(102, 90, 73)",89.63,5,9.08,0.006,0.001,3.765,0.0,3.86,1,0,1,1,0,1,4,0.0
PAT_71_108_617,2,2.5,0.8119,152.21,146.0,30.72,"(171, 121, 107)","(195, 147, 137)","(186, 134, 122)","(152, 102, 89)","(206, 160, 153)",50.13,3,6.88,0.0,0.0,2.609,0.0,23.08,1,0,1,0,0,0,2,0.0
PAT_311_666_191,1,2.0,0.8777,101.4,103.0,18.85,"(117, 88, 100)","(101, 65, 72)","(131, 112, 127)","(109, 78, 86)","(123, 98, 110)",38.19,3,25.02,0.048,0.0,2.51,0.0,8.69,0,0,0,0,0,0,0,1.0
PAT_270_1382_561,3,3.0,0.8188,49.46,41.0,22.3,"(40, 41, 45)","(87, 77, 74)","(29, 31, 36)","(66, 58, 58)","(115, 95, 89)",61.08,4,34.6,0.666,0.688,2.502,0.0,76.83,0,0,0,1,0,1,2,
PAT_330_1437_458,3,3.0,0.6258,138.86,134.0,33.63,"(148, 90, 88)","(184, 134, 130)","(199, 163, 157)","(166, 116, 112)","(123, 66, 67)",75.35,5,16.47,0.0,0.0,3.315,0.003,18.18,1,0,1,1,0,0,3,1.0
PAT_452_882_896,3,3.0,0.6885,141.02,133.0,45.08,"(185, 118, 98)","(110, 54, 43)","(228, 180, 156)","(164, 97, 80)","(203, 143, 119)",97.35,5,6.02,0.0,0.004,3.84,0.038,45.76,1,0,1,1,0,0,3,1.0
PAT_34_47_108,3,3.0,0.8453,102.96,97.0,36.67,"(162, 112, 95)","(138, 81, 61)","(182, 136, 122)","(123, 63, 46)","(149, 97, 79)",58.73,3,17.22,0.0,0.0,2.854,0.217,35.79,0,0,1,0,0,0,1,1.0
PAT_420_834_948,1,1.5,0.828,107.99,107.0,38.83,"(123, 71, 53)","(178, 136, 123)","(159, 112, 96)","(95, 42, 27)","(143, 93, 75)",77.15,5,38.19,0.0,0.021,3.537,0.146,22.85,1,0,1,1,0,1,4,0.0
PAT_38_1002_34,3,3.0,0.4145,134.9,137.0,19.76,"(145, 115, 113)","(160, 143, 141)","(171, 161, 158)","(151, 129, 126)","(136, 100, 97)",45.73,2,10.95,0.004,0.0,2.343,0.0,13.25,0,0,0,0,0,0,0,1.0
PAT_451_878_634,3,3.0,0.4795,126.62,127.0,18.64,"(136, 102, 105)","(150, 125, 128)","(153, 139, 138)","(116, 87, 83)","(144, 114, 118)",41.19,3,21.83,0.006,0.0,2.284,0.0,17.15,0,0,0,0,0,0,0,1.0
PAT_396_796_394,3,3.0,0.8583,161.6,164.0,40.56,"(181, 125, 124)","(221, 179, 184)","(159, 95, 94)","(198, 153, 154)","(240, 211, 218)",93.31,5,82.01,0.0,0.0,3.763,0.0,39.41,1,0,1,0,0,0,2,1.0
PAT_490_933_17,3,3.0,0.8396,132.67,121.0,38.91,"(155, 92, 87)","(189, 152, 114)","(193, 124, 121)","(217, 187, 148)","(172, 109, 102)",63.04,3,24.63,0.0,0.0,3.201,0.0,10.94,0,0,1,0,0,0,1,1.0
PAT_297_4307_924,3,3.0,0.7341,124.84,119.0,33.58,"(171, 129, 102)","(153, 94, 70)","(166, 117, 90)","(179, 144, 119)","(161, 107, 81)",36.32,2,6.37,0.0,0.0,2.165,0.004,31.18,0,0,1,0,0,0,1,0.0
PAT_296_640_206,1,2.0,0.6639,131.37,126.0,48.06,"(240, 196, 172)","(178, 104, 78)","(203, 147, 125)","(154, 69, 47)","(190, 125, 105)",92.9,5,27.68,0.0,0.0,3.852,0.247,6.43,1,0,1,1,0,0,3,1.0
PAT_247_1293_449,3,3.0,0.7918,139.91,138.0,22.65,"(160, 123, 122)","(178, 152, 151)","(168, 135, 135)","(127, 88, 105)","(148, 108, 113)",46.06,3,17.61,0.0,0.0,2.352,0.0,21.08,0,0,1,0,0,0,1,1.0
PAT_417_3537_45,1,2.0,0.8526,107.34,108.0,23.71,"(127, 119, 121)","(99, 83, 83)","(150, 145, 141)","(113, 101, 101)","(85, 66, 63)",63.41,3,12.25,0.168,0.0,3.312,0.0,28.91,1,0,0,1,0,1,3,0.0
PAT_316_1457_353,2,2.5,0.691,144.01,148.0,36.98,"(151, 152, 137)","(111, 91, 76)","(188, 205, 203)","(171, 180, 165)","(133, 125, 107)",92.73,5,15.08,0.077,0.0,3.702,0.0,34.21,1,0,0,0,0,0,1,0.0
PAT_43_1017_483,3,3.0,0.7952,128.03,116.0,30.52,"(164, 113, 99)","(187, 141, 132)","(159, 100, 88)","(222, 179, 170)","(172, 123, 112)",61.99,3,2.03,0.0,0.0,1.937,0.0,8.54,1,0,1,0,0,0,2,1.0
PAT_354_731_155,1,1.0,0.8535,150.66,141.0,50.06,"(207, 129, 91)","(230, 191, 181)","(197, 109, 72)","(217, 156, 135)","(212, 141, 109)",66.76,3,23.29,0.0,0.0,3.044,0.274,9.32,1,0,1,0,0,0,2,1.0
PAT_41_57_2,3,3.0,0.7602,74.24,71.0,36.04,"(95, 52, 41)","(140, 99, 89)","(68, 29, 23)","(115, 74, 63)","(171, 137, 122)",87.9,5,24.16,0.0,0.202,3.489,0.343,27.09,0,0,1,1,0,1,3,1.0
PAT_380_774_185,1,2.0,0.7367,114.61,120.0,28.96,"(143, 153, 159)","(104, 85, 84)","(128, 131, 134)","(119, 111, 110)","(85, 56, 58)",75.11,5,34.41,0.359,0.002,3.327,0.0,14.4,1,0,0,1,0,1,3,0.0
PAT_342_716_316,3,3.0,0.8987,169.15,163.0,36.78,"(220, 170, 158)","(205, 136, 122)","(234, 192, 186)","(211, 151, 139)","(197, 118, 104)",56.98,3,13.55,0.0,0.0,2.791,0.003,21.03,1,0,1,0,0,0,2,1.0
PAT_142_210_904,1,2.25,0.868,160.35,161.0,32.89,"(192, 185, 187)","(153, 136, 134)","(129, 103, 98)","(214, 217, 224)","(174, 159, 160)",92.43,5,31.9,0.15,0.0,3.867,0.0,4.98,1,0,1,1,0,0,3,1.0
PAT_497_943_580,1,1.0,0.8475,104.59,93.0,42.46,"(173, 109, 95)","(135, 68, 56)","(155, 86, 73)","(206, 152, 136)","(101, 49, 37)",85.06,5,6.97,0.0,0.01,3.55,0.204,18.65,1,0,1,1,0,1,4,1.0
PAT_352_729_947,3,3.0,0.6803,87.6,91.0,28.25,"(134, 119, 105)","(36, 44, 46)","(92, 82, 78)","(113, 99, 89)","(63, 62, 63)",68.26,4,8.69,0.19,0.147,2.995,0.0,57.91,0,0,0,0,0,1,1,0.0
PAT_163_254_719,3,3.0,0.7599,180.94,178.0,22.43,"(203, 171, 172)","(149, 99, 103)","(221, 210, 211)","(194, 154, 155)","(209, 186, 186)",77.91,3,7.7,0.001,0.0,2.156,0.0,3.52,1,0,1,0,0,0,2,0.0
PAT_139_207_342,2,2.5,0.8066,97.89,97.0,39.17,"(123, 105, 102)","(106, 76, 70)","(211, 219, 220)","(150, 146, 146)","(82, 41, 40)",136.18,5,10.57,0.073,0.065,3.708,0.058,32.85,1,0,1,1,0,1,4,1.0
PAT_279_429_142,3,3.0,0.8286,133.5,117.0,58.27,"(190, 87, 70)","(222, 152, 133)","(159, 55, 39)","(246, 207, 190)","(205, 114, 95)",112.07,5,36.46,0.0,0.001,3.919,0.432,4.37,1,0,1,0,0,0,2,1.0
PAT_230_1007_645,3,3.0,0.7045,144.45,146.0,48.31,"(239, 204, 186)","(147, 78, 72)","(193, 138, 126)","(214, 170, 151)","(173, 109, 101)",95.1,5,44.76,0.0,0.0,3.962,0.016,47.27,1,0,1,1,0,0,3,0.0
PAT_456_888_961,2,2.5,0.6973,132.22,133.0,20.43,"(131, 102, 121)","(157, 131, 149)","(144, 118, 135)","(180, 154, 175)","(107, 76, 104)",61.03,4,14.94,0.14,0.0,2.658,0.0,7.91,1,0,0,0,0,0,1,1.0
PAT_430_848_550,3,3.0,0.755,138.55,135.0,26.84,"(156, 104, 108)","(176, 139, 140)","(166, 122, 125)","(111, 74, 69)","(189, 166, 163)",72.02,4,2.08,0.0,0.0,2.723,0.0,16.96,1,0,1,1,0,0,3,1.0
PAT_253_384_607,1,2.0,0.8629,149.66,142.0,32.39,"(159, 80, 83)","(193, 132, 138)","(183, 120, 126)","(201, 144, 149)","(173, 104, 105)",50.02,2,10.86,0.0,0.0,2.396,0.0,1.97,0,0,1,0,0,0,1,1.0
PAT_465_901_627,1,2.0,0.8364,94.41,91.0,33.07,"(92, 58, 44)","(149, 110, 89)","(133, 93, 74)","(171, 133, 111)","(115, 77, 60)",62.32,3,9.37,0.0,0.0,2.906,0.006,61.77,0,0,1,1,0,0,2,0.0
PAT_170_264_785,2,2.0,0.874,122.12,105.0,41.72,"(159, 83, 62)","(179, 108, 89)","(204, 139, 119)","(172, 98, 78)","(188, 120, 101)",43.82,3,14.0,0.0,0.0,1.982,0.1,8.91,0,0,1,0,0,0,1,1.0
PAT_369_755_391,3,3.0,0.6982,120.79,115.0,28.19,"(148, 89, 98)","(166, 117, 126)","(156, 101, 112)","(181, 144, 155)","(140, 76, 82)",51.87,3,13.58,0.0,0.0,2.569,0.002,12.09,0,0,1,0,0,0,1,1.0
PAT_131_197_974,1,1.5,0.8471,105.97,100.0,59.57,"(130, 38, 30)","(186, 108, 90)","(210, 152, 134)","(234, 200, 189)","(160, 71, 57)",124.77,5,31.73,0.0,0.029,4.503,0.598,85.38,1,0,1,1,0,1,4,1.0
PAT_360_742_782,3,3.0,0.6907,145.05,143.0,33.37,"(109, 89, 103)","(179, 160, 179)","(132, 112, 127)","(195, 188, 204)","(157, 134, 151)",83.35,5,23.04,0.361,0.0,3.763,0.0,19.17,1,0,0,0,0,1,2,1.0
PAT_532_3216_633,1,1.0,0.885,127.6,129.0,31.69,"(144, 121, 107)","(183, 173, 166)","(111, 80, 67)","(159, 142, 131)","(131, 102, 87)",74.7,5,22.27,0.0,0.001,3.562,0.003,31.97,1,0,1,1,0,1,4,
PAT_388_1590_169,1,1.0,0.7986,128.44,129.0,30.41,"(144, 107, 89)","(190, 173, 165)","(157, 125, 108)","(118, 84, 72)","(169, 146, 135)",72.37,4,34.71,0.01,0.001,3.321,0.0,33.22,1,0,1,1,0,1,4,1.0
PAT_406_808_560,1,2.0,1.0359,145.86,144.0,39.67,"(189, 139, 122)","(155, 97, 77)","(229, 193, 173)","(204, 162, 143)","(175, 120, 101)",75.09,5,3.67,0.0,0.0,3.344,0.01,22.26,1,0,1,0,0,0,2,1.0
PAT_373_761_708,3,3.0,0.7959,123.51,121.0,50.81,"(181, 104, 88)","(138, 45, 34)","(194, 126, 110)","(211, 151, 137)","(159, 73, 61)",82.03,5,6.93,0.0,0.001,3.723,0.286,37.54,1,0,1,1,0,0,3,1.0
PAT_355_732_102,2,2.5,0.5558,126.99,116.0,53.37,"(188, 99, 83)","(173, 71, 52)","(240, 187, 176)","(199, 122, 107)","(215, 146, 132)",87.66,5,57.4,0.0,0.0,3.585,0.395,15.76,1,0,1,0,0,0,2,1.0
PAT_82_125_365,1,1.0,0.865,101.02,94.0,55.55,"(95, 39, 24)","(170, 99, 78)","(238, 186, 159)","(132, 65, 46)","(206, 139, 113)",123.52,5,89.69,0.0,0.079,4.404,0.495,36.77,1,0,1,1,0,1,4,1.0
PAT_196_300_749,3,3.0,0.8095,104.63,101.0,24.57,"(108, 84, 93)","(139, 124, 127)","(128, 97, 104)","(166, 169, 174)","(82, 69, 79)",77.98,4,25.59,0.164,0.0,3.573,0.0,24.85,1,0,0,0,0,0,1,1.0
PAT_154_236_800,2,2.5,0.8342,104.68,98.0,39.85,"(149, 94, 66)","(181, 139, 104)","(95, 53, 39)","(164, 115, 84)","(131, 76, 52)",67.78,4,10.14,0.0,0.01,3.251,0.249,16.92,0,0,1,1,0,1,3,1.0
PAT_478_916_979,3,3.0,0.6426,200.01,203.0,19.66,"(217, 192, 196)","(223, 206, 211)","(204, 151, 162)","(175, 110, 115)","(212, 173, 184)",68.74,3,14.03,0.003,0.0,2.611,0.0,8.91,1,0,1,0,0,0,2,1.0
PAT_207_313_709,3,3.0,0.6586,84.9,84.0,34.01,"(86, 36, 30)","(142, 101, 88)","(105, 58, 53)","(161, 122, 106)","(124, 81, 72)",68.2,5,26.54,0.0,0.067,3.476,0.179,46.51,0,0,1,1,0,1,3,1.0
PAT_531_1004_792,1,1.0,0.1963,156.97,150.0,45.52,"(189, 118, 101)","(227, 167, 151)","(250, 209, 194)","(206, 140, 123)","(173, 97, 81)",86.69,5,9.99,0.0,0.0,3.369,0.007,14.93,1,0,1,1,0,0,3,1.0
PAT_306_1646_971,3,3.0,0.6592,88.22,84.0,32.76,"(106, 63, 46)","(139, 95, 75)","(160, 116, 95)","(123, 79, 60)","(87, 46, 30)",58.97,4,5.44,0.0,0.024,3.018,0.167,4.83,0,0,1,1,0,0,2,0.0
PAT_114_173_213,3,3.0,0.6042,138.22,127.0,51.39,"(233, 178, 166)","(177, 90, 71)","(198, 111, 98)","(137, 57, 41)","(212, 137, 126)",96.18,5,4.57,0.0,0.005,3.793,0.176,43.51,1,0,1,1,0,1,4,1.0
PAT_115_1138_970,1,1.0,0.6716,121.68,113.0,54.39,"(181, 101, 85)","(145, 73, 63)","(235, 184, 167)","(210, 136, 119)","(103, 49, 42)",113.17,5,56.43,0.002,0.014,4.728,0.267,44.81,1,0,1,1,0,1,4,1.0
PAT_409_2614_805,3,3.0,0.8005,177.63,182.0,41.6,"(237, 208, 179)","(209, 153, 110)","(219, 172, 132)","(198, 134, 88)","(228, 189, 152)",61.17,4,57.86,0.0,0.0,3.053,0.018,9.11,1,0,1,0,0,0,2,0.0
PAT_478_916_806,3,3.0,0.7721,138.21,136.0,29.91,"(141, 93, 104)","(175, 128, 136)","(215, 177, 180)","(159, 112, 122)","(192, 146, 154)",65.59,4,35.53,0.0,0.0,3.001,0.0,14.65,1,0,0,0,0,0,1,1.0
PAT_536_3227_442,2,2.5,0.8236,146.1,146.0,10.29,"(142, 131, 129)","(156, 153, 160)","(152, 145, 148)","(164, 167, 174)","(148, 139, 139)",30.0,2,8.4,0.244,0.0,1.222,0.0,5.89,0,0,0,0,0,0,0,0.0
PAT_265_407_137,3,3.0,0.5781,191.87,187.0,42.88,"(229, 140, 125)","(252, 207, 188)","(238, 168, 141)","(246, 188, 162)","(253, 240, 237)",74.03,5,22.06,0.001,0.0,2.945,0.0,29.62,1,0,0,0,0,0,1,1.0
PAT_386_785_536,3,3.0,0.7894,109.48,108.0,40.32,"(147, 123, 94)","(83, 59, 44)","(201, 193, 160)","(114, 95, 73)","(166, 151, 117)",103.02,5,36.26,0.0,0.037,4.133,0.036,36.94,1,0,1,1,0,1,4,0.0
PAT_345_719_815,1,2.0,0.8362,107.62,102.0,31.72,"(96, 96, 93)","(153, 142, 123)","(65, 73, 75)","(178, 172, 156)","(125, 116, 102)",84.63,5,11.26,0.281,0.011,4.006,0.0,51.4,1,0,1,0,0,1,3,0.0
PAT_541_3303_228,3,3.0,0.6612,127.41,122.0,22.62,"(175, 150, 141)","(143, 107, 103)","(164, 129, 121)","(128, 90, 88)","(152, 118, 113)",44.3,3,21.08,0.0,0.0,2.336,0.0,11.28,1,0,1,0,0,0,2,0.0
PAT_312_668_480,2,2.5,0.6549,146.28,139.0,58.46,"(214, 112, 105)","(236, 140, 131)","(168, 63, 63)","(192, 86, 84)","(253, 173, 162)",85.29,5,88.64,0.0,0.0,3.558,0.177,26.18,1,0,1,0,0,0,2,1.0
PAT_419_2767_323,3,3.0,0.7079,107.87,96.0,43.74,"(162, 93, 71)","(202, 144, 120)","(134, 61, 46)","(148, 76, 57)","(176, 113, 89)",63.47,4,11.59,0.0,0.0,3.049,0.404,7.14,1,0,1,0,0,0,2,0.0
PAT_583_1112_886,3,3.0,0.6349,124.53,118.0,35.8,"(151, 91, 75)","(168, 125, 116)","(210, 188, 181)","(158, 105, 92)","(183, 150, 143)",76.72,4,31.08,0.0,0.0,2.987,0.028,23.73,1,0,1,0,0,0,2,1.0
PAT_260_400_566,1,2.0,0.9159,130.34,110.0,44.21,"(183, 100, 88)","(207, 123, 113)","(145, 60, 54)","(193, 109, 97)","(171, 89, 79)",49.5,3,14.63,0.0,0.0,2.428,0.017,14.79,0,0,1,0,0,0,1,0.0
PAT_471_909_353,3,3.0,0.7178,114.59,106.0,35.52,"(178, 160, 156)","(76, 81, 84)","(140, 131, 129)","(206, 188, 184)","(104, 106, 107)",99.17,5,36.23,0.517,0.001,3.403,0.0,110.83,1,0,0,0,0,1,2,0.0
PAT_220_1343_489,1,2.0,0.633,112.5,95.0,45.83,"(164, 86, 64)","(187, 118, 95)","(152, 72, 40)","(172, 97, 81)","(214, 147, 125)",62.07,4,14.62,0.0,0.0,2.975,0.397,10.11,0,0,1,0,0,0,1,0.0
PAT_479_917_598,1,1.5,0.8616,145.83,144.0,48.71,"(188, 122, 124)","(237, 215, 218)","(121, 39, 39)","(203, 157, 161)","(178, 94, 89)",130.86,5,18.3,0.003,0.013,3.902,0.078,9.62,1,0,1,1,0,1,4,1.0
PAT_53_81_522,3,3.0,0.797,140.32,143.0,41.21,"(190, 141, 132)","(166, 92, 82)","(206, 162, 153)","(148, 67, 60)","(181, 118, 105)",72.93,5,81.86,0.0,0.0,3.418,0.07,11.02,0,0,1,0,0,0,1,1.0
PAT_53_1144_892,3,3.0,0.5968,118.46,113.0,38.64,"(123, 90, 92)","(156, 118, 115)","(186, 153, 144)","(105, 68, 68)","(222, 207, 201)",110.91,5,72.37,0.009,0.003,3.945,0.007,19.59,1,0,1,1,0,1,4,1.0
PAT_158_621_68,3,3.0,0.5574,136.3,124.0,52.4,"(195, 112, 78)","(217, 154, 124)","(185, 94, 60)","(238, 187, 162)","(203, 131, 98)",72.38,3,30.03,0.0,0.0,3.604,0.462,22.63,1,0,1,0,0,0,2,0.0
PAT_561_1068_557,3,3.0,0.7908,126.31,129.0,35.93,"(152, 105, 103)","(181, 154, 158)","(85, 52, 51)","(129, 81, 78)","(165, 127, 128)",86.64,5,15.98,0.006,0.013,4.094,0.017,55.35,1,0,1,1,0,1,4,1.0
PAT_492_937_126,2,2.5,0.722,112.08,112.0,46.69,"(157, 107, 97)","(200, 193, 197)","(140, 75, 62)","(109, 40, 33)","(172, 141, 143)",119.01,5,71.5,0.031,0.026,4.691,0.25,32.47,1,0,1,1,0,1,4,1.0
PAT_432_851_560,2,2.75,0.7889,63.97,53.0,50.6,"(152, 70, 58)","(74, 13, 12)","(178, 114, 107)","(125, 37, 30)","(234, 196, 189)",146.12,5,23.2,0.0,0.419,3.545,0.845,61.02,1,0,1,1,0,1,4,1.0
PAT_359_4450_86,3,3.0,0.822,162.41,163.0,20.79,"(214, 198, 205)","(181, 154, 157)","(161, 127, 127)","(193, 167, 171)","(174, 142, 142)",55.81,3,17.78,0.015,0.0,2.495,0.0,5.81,1,0,0,0,0,0,1,0.0
PAT_388_1592_850,3,3.0,0.7227,139.58,136.0,46.74,"(201, 136, 124)","(165, 86, 77)","(248, 206, 204)","(181, 108, 96)","(219, 162, 154)",95.02,5,75.91,0.0,0.0,3.401,0.022,23.09,1,0,1,0,0,0,2,1.0
PAT_262_402_14,3,3.0,0.7512,125.57,131.0,22.51,"(141, 141, 151)","(111, 101, 102)","(128, 125, 132)","(79, 75, 78)","(96, 109, 125)",57.9,3,11.8,0.66,0.0,3.115,0.0,15.07,0,0,0,0,0,1,1,1.0
PAT_480_921_1,1,1.0,0.8474,157.25,143.0,53.1,"(223, 139, 116)","(192, 86, 69)","(212, 118, 93)","(250, 200, 180)","(236, 159, 140)",81.29,5,22.6,0.0,0.0,3.382,0.157,18.67,1,0,1,0,0,0,2,1.0
PAT_566_178_625,1,1.75,0.8616,105.14,97.0,28.89,"(158, 105, 102)","(116, 69, 59)","(139, 91, 78)","(149, 96, 91)","(129, 81, 68)",34.99,3,14.47,0.0,0.0,2.278,0.0,12.85,0,0,1,1,0,0,2,0.0
PAT_59_93_573,2,2.5,0.6242,126.95,113.0,33.29,"(178, 121, 111)","(154, 92, 81)","(166, 102, 92)","(187, 134, 123)","(173, 110, 101)",33.17,2,18.24,0.0,0.0,1.939,0.0,5.15,0,0,1,1,0,0,2,1.0
PAT_123_187_164,3,3.0,0.7178,129.73,127.0,52.78,"(142, 27, 23)","(195, 130, 121)","(169, 71, 60)","(182, 104, 92)","(221, 170, 163)",103.89,5,9.86,0.0,0.015,4.091,0.275,70.72,1,0,1,0,0,0,2,1.0
PAT_159_245_181,3,3.0,0.8038,162.31,166.0,31.24,"(198, 177, 175)","(162, 130, 123)","(136, 97, 88)","(180, 156, 152)","(224, 203, 201)",87.1,5,48.72,0.004,0.0,3.561,0.002,16.0,1,0,1,1,0,0,3,1.0
PAT_375_764_705,3,3.0,0.7168,98.56,95.0,42.23,"(63, 27, 32)","(160, 101, 96)","(114, 51, 52)","(147, 84, 81)","(173, 120, 116)",83.72,4,7.88,0.0,0.122,3.432,0.136,48.82,0,0,1,1,0,1,3,1.0
PAT_286_1459_666,3,3.0,0.8967,137.27,134.0,31.98,"(175, 124, 110)","(191, 151, 140)","(151, 93, 81)","(166, 111, 97)","(182, 137, 125)",45.11,3,13.73,0.0,0.0,2.668,0.0,13.74,0,0,1,0,0,0,1,0.0
PAT_8_15_820,2,2.5,0.7964,98.78,97.0,43.6,"(191, 160, 173)","(91, 43, 44)","(143, 99, 106)","(117, 70, 74)","(165, 125, 135)",99.39,5,78.35,0.002,0.061,3.72,0.114,8.94,1,0,1,1,0,0,3,1.0
PAT_251_382_576,1,2.0,0.7459,146.83,141.0,42.02,"(216, 169, 161)","(181, 116, 106)","(247, 211, 205)","(159, 88, 83)","(195, 140, 132)",94.58,5,8.22,0.0,0.0,3.442,0.005,34.91,1,0,1,1,0,0,3,1.0
PAT_354_1817_500,2,2.5,0.8132,76.65,72.0,32.08,"(87, 61, 53)","(129, 105, 97)","(59, 40, 37)","(156, 145, 139)","(108, 81, 72)",85.69,5,23.68,0.0,0.239,3.245,0.001,57.14,0,0,0,1,0,1,2,
PAT_90_138_605,2,2.5,0.7917,77.79,63.0,52.86,"(157, 88, 75)","(139, 35, 26)","(201, 154, 150)","(100, 8, 7)","(145, 59, 46)",106.93,5,27.53,0.0,0.148,3.53,0.79,64.18,1,0,1,1,0,1,4,1.0
PAT_535_1011_567,3,3.0,0.8077,167.3,160.0,39.13,"(203, 124, 128)","(212, 144, 145)","(225, 165, 165)","(244, 194, 195)","(194, 103, 112)",65.14,3,18.65,0.0,0.0,3.076,0.001,26.01,1,0,1,0,0,0,2,1.0
PAT_422_837_617,3,3.0,0.6061,104.3,109.0,37.81,"(107, 51, 39)","(157, 134, 123)","(124, 80, 68)","(141, 110, 99)","(182, 172, 165)",92.83,5,21.81,0.0,0.022,3.904,0.139,19.59,1,0,1,1,0,1,4,1.0
PAT_545_1030_854,3,3.0,0.7231,115.51,119.0,28.18,"(160, 136, 137)","(136, 83, 84)","(142, 101, 101)","(128, 62, 64)","(151, 118, 119)",53.88,3,26.36,0.0,0.0,2.49,0.008,41.75,0,0,1,1,0,0,2,1.0
PAT_230_1008_673,3,3.0,0.7902,132.76,114.0,44.33,"(197, 116, 106)","(166, 89, 77)","(238, 176, 157)","(184, 103, 92)","(214, 134, 123)",66.21,4,3.52,0.0,0.0,2.751,0.006,22.6,1,0,1,0,0,0,2,0.0
PAT_321_682_236,1,1.0,0.885,89.96,93.0,29.92,"(114, 91, 75)","(83, 47, 36)","(142, 136, 123)","(124, 110, 96)","(100, 71, 51)",68.07,5,5.31,0.0,0.03,3.525,0.104,28.85,0,0,0,1,0,1,2,1.0
PAT_152_230_934,3,3.0,0.8436,147.81,124.0,55.54,"(217, 118, 95)","(249, 230, 230)","(222, 134, 118)","(212, 102, 79)","(226, 160, 155)",95.37,3,9.21,0.001,0.0,2.875,0.335,26.6,1,0,1,0,0,0,2,1.0
PAT_291_446_704,3,3.0,0.7458,116.99,110.0,39.17,"(223, 206, 204)","(140, 81, 80)","(177, 146, 146)","(152, 105, 105)","(124, 53, 54)",114.44,5,11.93,0.003,0.002,3.167,0.031,3.68,1,0,1,1,0,1,4,1.0
PAT_340_714_68,3,3.0,0.6649,84.8,84.0,37.66,"(43, 73, 85)","(103, 139, 153)","(19, 47, 58)","(65, 104, 120)","(116, 110, 110)",84.05,5,36.55,0.891,0.16,4.32,0.238,80.76,0,0,0,1,1,1,3,1.0
PAT_430_847_315,3,3.0,0.6913,52.09,39.0,41.62,"(41, 5, 4)","(130, 61, 61)","(91, 11, 16)","(181, 122, 121)","(110, 33, 37)",104.36,5,29.8,0.0,0.521,3.012,0.822,29.95,1,0,1,1,0,1,4,1.0
PAT_277_426_825,1,1.0,0.8966,152.79,149.0,47.51,"(191, 76, 75)","(208, 138, 145)","(222, 173, 182)","(199, 113, 117)","(160, 30, 34)",105.19,5,27.85,0.0,0.003,3.374,0.103,12.46,1,0,1,0,0,0,2,1.0
PAT_448_875_81,3,3.0,0.7511,131.47,120.0,30.75,"(175, 121, 117)","(163, 79, 82)","(165, 100, 97)","(182, 136, 132)","(169, 112, 107)",37.57,2,6.02,0.0,0.0,1.575,0.001,17.35,0,0,1,0,0,0,1,1.0
PAT_43_61_210,3,3.0,0.3467,119.35,110.0,43.29,"(176, 107, 100)","(159, 87, 81)","(223, 168, 151)","(131, 60, 53)","(195, 129, 120)",82.58,5,14.54,0.0,0.003,3.388,0.089,18.14,1,0,1,1,0,1,4,1.0
PAT_522_3168_747,1,1.0,0.7734,142.58,143.0,18.57,"(163, 141, 129)","(152, 120, 108)","(175, 157, 150)","(168, 148, 139)","(157, 131, 119)",29.94,2,5.84,0.0,0.0,2.195,0.0,11.63,0,0,1,0,0,0,1,0.0
PAT_245_376_197,3,3.0,0.7417,132.55,132.0,30.78,"(163, 112, 120)","(184, 149, 159)","(120, 70, 74)","(174, 129, 138)","(147, 96, 102)",64.38,3,11.25,0.0,0.0,3.218,0.007,6.22,1,0,1,1,0,0,3,1.0
PAT_93_361_51,3,3.0,0.8373,104.02,101.0,40.1,"(185, 148, 117)","(121, 91, 71)","(154, 116, 89)","(67, 49, 36)","(98, 70, 53)",85.91,5,63.58,0.0,0.043,4.075,0.062,39.53,0,0,1,1,0,1,3,
PAT_482_2928_201,1,1.5,0.8533,118.3,117.0,33.07,"(165, 128, 95)","(146, 104, 71)","(119, 77, 59)","(156, 116, 82)","(173, 141, 111)",47.73,3,27.24,0.0,0.0,2.512,0.008,20.42,0,0,1,1,0,0,2,
PAT_46_879_386,3,3.0,0.6418,106.36,95.0,29.35,"(151, 96, 99)","(140, 80, 79)","(164, 112, 115)","(144, 88, 88)","(136, 70, 70)",32.71,1,14.69,0.0,0.0,1.607,0.001,7.54,0,0,1,0,0,0,1,1.0
PAT_492_1782_752,3,3.0,0.5447,161.5,170.0,37.97,"(183, 158, 82)","(200, 170, 147)","(214, 195, 168)","(180, 139, 115)","(198, 183, 118)",55.33,5,36.79,0.0,0.0,3.797,0.05,17.75,1,0,1,0,0,0,2,0.0
PAT_58_91_845,1,2.0,0.8293,117.62,119.0,31.06,"(131, 76, 84)","(156, 112, 122)","(145, 95, 104)","(171, 128, 140)","(113, 56, 64)",59.5,3,23.37,0.0,0.002,3.017,0.01,8.82,1,0,0,1,0,0,2,1.0
PAT_188_289_908,2,2.5,0.755,139.73,142.0,22.37,"(153, 137, 149)","(143, 116, 130)","(128, 100, 112)","(166, 157, 176)","(91, 76, 87)",68.97,4,42.45,0.33,0.0,3.061,0.0,15.85,1,0,0,0,0,0,1,1.0
PAT_97_151_503,3,3.0,0.7294,125.0,109.0,62.6,"(203, 91, 93)","(162, 32, 35)","(243, 183, 168)","(219, 121, 117)","(182, 61, 67)",104.23,5,66.57,0.0,0.003,4.085,0.474,37.41,1,0,1,0,0,0,2,1.0
PAT_164_255_130,2,2.5,0.6662,160.64,159.0,34.17,"(240, 208, 210)","(180, 123, 133)","(196, 147, 154)","(163, 101, 112)","(214, 172, 177)",80.53,5,24.97,0.0,0.0,3.298,0.0,11.74,1,0,0,0,0,0,1,1.0
PAT_181_281_54,1,2.0,0.7594,132.42,134.0,39.56,"(166, 118, 114)","(204, 185, 178)","(114, 71, 63)","(182, 145, 140)","(145, 94, 88)",90.86,5,21.6,0.004,0.0,3.696,0.0,37.47,1,0,1,1,0,0,3,1.0
PAT_110_397_52,3,3.0,0.4997,126.82,126.0,25.76,"(146, 124, 114)","(179, 169, 164)","(125, 92, 84)","(137, 108, 98)","(160, 143, 135)",60.6,4,33.7,0.0,0.0,2.968,0.0,15.68,1,0,1,0,0,0,2,0.0
PAT_564_1079_430,3,3.0,0.7071,81.39,77.0,28.53,"(125, 76, 80)","(106, 44, 50)","(115, 60, 65)","(75, 41, 42)","(132, 91, 94)",47.83,3,8.31,0.0,0.01,2.329,0.165,15.47,0,0,0,1,0,1,2,1.0
PAT_38_1003_68,3,3.0,0.5079,133.66,135.0,18.83,"(158, 141, 138)","(143, 113, 111)","(150, 126, 123)","(172, 156, 154)","(134, 99, 96)",44.28,2,17.54,0.0,0.0,2.254,0.0,15.03,0,0,0,0,0,0,0,0.0
PAT_316_674_924,3,3.0,0.6457,143.67,142.0,52.49,"(190, 143, 140)","(121, 71, 70)","(237, 212, 212)","(214, 176, 176)","(162, 110, 108)",114.34,5,84.48,0.0,0.0,4.426,0.002,29.81,1,0,1,1,0,0,3,1.0
PAT_93_361_203,3,3.0,0.8032,144.89,139.0,39.4,"(120, 95, 84)","(213, 168, 136)","(154, 120, 104)","(186, 144, 119)","(232, 192, 161)",83.6,5,40.91,0.0,0.0,3.934,0.001,45.11,1,0,1,1,0,0,3,
PAT_455_885_115,1,1.0,1.0064,149.02,143.0,32.5,"(184, 129, 125)","(214, 165, 156)","(170, 114, 112)","(155, 98, 96)","(197, 146, 137)",52.8,2,18.69,0.0,0.0,2.76,0.0,10.69,1,0,1,1,0,0,3,1.0
PAT_330_697_575,3,3.0,0.5894,94.21,81.0,43.96,"(177, 117, 110)","(133, 50, 40)","(156, 83, 77)","(102, 15, 12)","(145, 66, 58)",75.12,4,7.73,0.0,0.041,2.876,0.437,11.51,1,0,1,1,0,0,3,1.0
PAT_16_24_691,1,1.0,0.901,96.01,83.0,38.03,"(145, 78, 67)","(161, 95, 82)","(117, 55, 49)","(133, 67, 57)","(181, 119, 106)",52.32,3,25.39,0.0,0.002,2.753,0.153,6.95,0,0,1,1,0,0,2,1.0
PAT_354_1814_153,3,3.0,0.4963,116.36,113.0,27.69,"(129, 99, 93)","(158, 135, 133)","(208, 200, 200)","(110, 83, 79)","(143, 114, 109)",90.3,3,23.02,0.002,0.001,2.801,0.0,25.9,1,0,1,1,0,1,4,
PAT_304_4186_458,3,3.0,0.4192,112.98,109.0,28.99,"(153, 131, 128)","(118, 92, 84)","(172, 158, 156)","(135, 109, 101)","(103, 79, 70)",68.06,3,53.35,0.0,0.0,2.871,0.0,26.43,1,0,0,0,0,0,1,0.0
PAT_535_1010_303,1,2.0,0.8601,143.91,128.0,47.66,"(201, 110, 103)","(218, 153, 150)","(208, 130, 124)","(193, 90, 83)","(237, 189, 187)",73.28,3,47.07,0.0,0.0,2.754,0.061,8.46,1,0,1,0,0,0,2,1.0
PAT_83_126_820,1,1.0,0.8574,67.46,67.0,32.02,"(100, 29, 24)","(127, 77, 76)","(69, 35, 34)","(117, 48, 42)","(93, 72, 75)",52.83,5,36.11,0.014,0.211,3.654,0.381,24.69,0,0,1,1,0,1,3,1.0
PAT_38_53_198,2,2.5,0.8072,101.8,98.0,39.4,"(184, 121, 117)","(109, 54, 61)","(63, 24, 30)","(160, 99, 97)","(137, 78, 79)",86.6,5,31.6,0.0,0.035,3.158,0.036,35.81,0,0,1,1,0,1,3,1.0
PAT_524_987_738,1,1.5,0.8613,140.51,124.0,54.84,"(203, 101, 97)","(232, 159, 154)","(193, 81, 73)","(212, 127, 124)","(251, 201, 195)",89.63,5,49.26,0.0,0.0,3.344,0.263,4.11,1,0,1,0,0,0,2,1.0
PAT_79_120_532,3,3.0,0.4704,97.67,84.0,38.14,"(144, 78, 56)","(157, 98, 77)","(135, 60, 40)","(182, 131, 109)","(150, 86, 65)",50.23,3,3.79,0.0,0.0,1.693,0.383,1.8,0,0,1,0,0,0,1,1.0
PAT_537_1014_452,1,1.0,0.8641,152.19,153.0,20.68,"(157, 167, 168)","(136, 137, 132)","(127, 122, 112)","(170, 183, 184)","(145, 150, 150)",51.84,2,24.54,0.331,0.0,2.687,0.0,16.2,1,0,0,0,0,0,1,1.0
PAT_228_348_535,3,3.0,0.7285,84.65,82.0,40.64,"(148, 91, 89)","(109, 43, 46)","(130, 67, 66)","(84, 19, 22)","(164, 115, 117)",78.01,5,35.6,0.0,0.124,3.528,0.351,55.5,1,0,1,1,0,1,4,1.0
PAT_274_423_374,1,2.0,0.8466,144.41,145.0,22.07,"(150, 117, 127)","(179, 148, 157)","(164, 133, 144)","(102, 62, 73)","(136, 101, 107)",68.41,3,26.02,0.019,0.0,2.659,0.0,12.46,1,0,0,0,0,1,2,1.0
PAT_471_909_344,3,3.0,0.6326,92.42,82.0,38.59,"(61, 51, 50)","(125, 98, 92)","(162, 128, 121)","(89, 75, 72)","(192, 160, 157)",101.22,5,14.14,0.011,0.078,3.798,0.0,115.79,1,0,1,1,0,1,4,0.0
PAT_40_56_160,1,2.0,0.8684,103.03,90.0,34.44,"(122, 63, 55)","(151, 90, 82)","(186, 142, 129)","(136, 77, 69)","(165, 107, 98)",60.6,3,22.38,0.0,0.0,2.397,0.016,4.14,0,0,1,1,0,0,2,1.0
PAT_498_944_488,1,1.0,0.8724,144.78,144.0,22.73,"(176, 144, 155)","(159, 104, 117)","(166, 120, 134)","(213, 180, 193)","(171, 132, 144)",55.09,3,7.2,0.0,0.0,2.365,0.0,7.03,1,0,0,0,0,0,1,0.0
PAT_36_50_14,3,3.0,0.6467,94.84,79.0,39.2,"(119, 58, 51)","(190, 134, 120)","(157, 97, 88)","(137, 74, 67)","(226, 176, 158)",95.98,4,7.17,0.0,0.002,2.833,0.114,7.28,1,0,1,1,0,0,3,0.0
PAT_330_695_90,1,1.0,0.8042,143.31,131.0,49.67,"(219, 156, 134)","(199, 116, 88)","(209, 135, 107)","(240, 192, 176)","(187, 93, 66)",75.76,4,23.02,0.0,0.0,3.186,0.224,10.64,1,0,1,0,0,0,2,1.0
PAT_288_441_312,1,1.0,0.8947,115.82,109.0,34.22,"(139, 73, 62)","(166, 128, 114)","(156, 106, 94)","(193, 167, 154)","(148, 89, 78)",68.11,4,32.93,0.0,0.0,2.946,0.028,30.87,1,0,1,0,0,0,2,1.0
PAT_46_880_308,2,2.5,0.6927,100.29,92.0,25.77,"(120, 67, 74)","(138, 90, 94)","(130, 79, 84)","(167, 137, 140)","(147, 103, 105)",50.13,3,7.19,0.0,0.001,2.278,0.003,14.48,0,0,1,1,0,0,2,1.0
PAT_373_2598_235,3,3.0,0.5603,116.26,117.0,33.14,"(119, 86, 72)","(160, 129, 118)","(138, 107, 93)","(192, 163, 152)","(101, 60, 47)",84.26,5,57.48,0.0,0.002,3.324,0.027,7.01,1,0,1,1,0,0,3,
PAT_118_180_500,2,2.5,0.7616,80.79,80.0,33.9,"(147, 116, 113)","(103, 62, 60)","(49, 26, 27)","(123, 85, 83)","(77, 43, 42)",78.73,5,3.48,0.001,0.163,3.184,0.029,39.72,0,0,1,1,0,1,3,1.0
PAT_326_690_823,1,1.0,0.8582,135.65,130.0,36.36,"(185, 139, 143)","(174, 102, 94)","(197, 163, 172)","(180, 119, 115)","(167, 89, 83)",60.39,3,57.33,0.0,0.0,2.503,0.0,17.59,1,0,1,0,0,0,2,1.0
PAT_173_268_1000,1,2.0,0.8758,72.83,73.0,26.91,"(96, 76, 57)","(60, 38, 20)","(121, 109, 92)","(77, 60, 43)","(96, 88, 72)",56.58,3,38.46,0.0,0.158,3.412,0.137,48.19,0,0,0,1,0,1,2,0.0
PAT_435_854_68,3,3.0,0.5996,126.17,126.0,26.81,"(145, 113, 103)","(189, 176, 179)","(133, 99, 87)","(168, 148, 153)","(156, 127, 122)",66.09,3,8.93,0.002,0.0,2.573,0.0,33.95,1,0,1,0,0,0,2,1.0
PAT_208_314_741,1,1.0,0.7979,117.82,119.0,27.83,"(156, 122, 118)","(130, 90, 84)","(164, 142, 141)","(143, 105, 100)","(106, 70, 69)",58.05,4,58.94,0.0,0.0,2.951,0.0,19.11,0,0,1,1,0,0,2,1.0
PAT_211_319_777,2,2.0,0.8187,124.66,109.0,39.89,"(192, 125, 112)","(163, 88, 76)","(185, 113, 99)","(176, 98, 83)","(173, 102, 94)",29.18,2,3.49,0.0,0.0,2.52,0.022,7.62,0,0,1,0,0,0,1,1.0
PAT_83_126_513,1,1.5,0.8603,101.61,101.0,42.52,"(127, 78, 71)","(167, 142, 133)","(79, 35, 33)","(122, 55, 43)","(150, 105, 92)",85.17,5,57.11,0.004,0.067,4.073,0.213,25.71,0,0,1,1,0,1,3,1.0
PAT_259_399_801,3,3.0,0.7639,125.52,127.0,22.89,"(145, 135, 136)","(114, 87, 76)","(126, 105, 101)","(159, 154, 158)","(138, 119, 118)",56.05,4,32.74,0.132,0.0,2.984,0.0,1.15,0,0,1,0,0,0,1,1.0
PAT_74_112_729,3,3.0,0.699,118.9,120.0,44.39,"(140, 111, 109)","(196, 189, 181)","(79, 36, 34)","(120, 81, 79)","(163, 148, 144)",117.52,5,67.65,0.031,0.061,4.377,0.06,18.79,1,0,1,1,0,1,4,1.0
PAT_61_299_74,1,2.0,0.8533,112.18,111.0,24.49,"(139, 125, 115)","(107, 93, 83)","(159, 147, 141)","(123, 110, 100)","(93, 80, 71)",58.02,3,19.16,0.001,0.0,3.0,0.0,29.24,0,0,0,0,0,0,0,0.0
PAT_378_770_302,3,3.0,0.6218,126.29,105.0,55.28,"(173, 69, 52)","(216, 132, 118)","(201, 107, 92)","(241, 177, 165)","(190, 90, 75)",81.33,4,22.17,0.0,0.001,3.487,0.465,6.79,1,0,1,0,0,0,2,1.0
PAT_299_1452_1,3,3.0,0.4379,134.61,131.0,27.14,"(154, 115, 107)","(177, 143, 140)","(143, 96, 85)","(167, 127, 122)","(196, 170, 169)",59.39,4,16.41,0.0,0.0,2.837,0.0,10.24,1,0,1,0,0,0,2,1.0
PAT_398_799_163,1,2.0,0.6991,77.44,74.0,37.32,"(121, 98, 92)","(69, 47, 45)","(141, 127, 122)","(41, 27, 29)","(99, 72, 65)",85.54,5,1.45,0.02,0.286,3.486,0.0,84.83,0,0,0,1,0,1,2,0.0
PAT_243_372_640,3,3.0,0.7716,87.41,72.0,48.0,"(174, 102, 79)","(143, 57, 42)","(124, 40, 28)","(156, 76, 58)","(212, 141, 120)",78.27,3,44.97,0.0,0.001,2.909,0.812,34.99,0,0,1,0,0,0,1,1.0
PAT_193_297_295,3,3.0,0.62,163.59,161.0,36.42,"(247, 232, 231)","(190, 140, 129)","(217, 190, 187)","(197, 160, 156)","(181, 119, 103)",89.73,5,41.07,0.0,0.0,3.495,0.0,23.81,1,0,1,0,0,0,2,1.0
PAT_76_1039_269,3,3.0,0.5442,135.71,137.0,25.43,"(158, 132, 128)","(130, 92, 89)","(148, 113, 112)","(181, 177, 168)","(168, 151, 145)",61.61,3,31.45,0.0,0.0,3.104,0.0,29.76,1,0,1,0,0,0,2,1.0
PAT_290_445_686,1,2.0,0.8645,110.33,107.0,37.27,"(111, 70, 74)","(154, 120, 129)","(191, 171, 182)","(130, 92, 98)","(76, 53, 55)",101.0,5,21.38,0.035,0.012,4.045,0.002,55.08,1,0,1,1,0,1,4,1.0
PAT_422_837_683,1,2.0,0.8377,103.38,102.0,29.27,"(131, 77, 88)","(154, 113, 127)","(116, 61, 71)","(142, 93, 108)","(88, 41, 51)",60.92,3,12.94,0.002,0.011,3.046,0.014,16.98,0,0,0,1,0,1,2,1.0
PAT_191_293_314,3,3.0,0.6119,120.16,120.0,31.23,"(115, 93, 89)","(157, 133, 132)","(135, 114, 111)","(87, 68, 63)","(182, 160, 159)",79.82,5,15.18,0.0,0.002,3.647,0.0,38.83,1,0,0,1,0,1,3,1.0
PAT_566_179_23,3,3.0,0.6003,178.29,181.0,20.99,"(195, 161, 172)","(207, 182, 199)","(160, 121, 123)","(186, 146, 154)","(200, 173, 185)",52.09,3,0.0,0.007,0.0,2.584,0.0,9.51,1,0,0,0,0,0,1,0.0
PAT_506_957_377,3,3.0,0.4786,170.05,171.0,35.32,"(172, 133, 135)","(214, 179, 185)","(145, 103, 95)","(193, 153, 160)","(233, 207, 214)",88.42,5,51.24,0.007,0.0,3.836,0.001,21.79,1,0,1,0,0,0,2,1.0
PAT_365_750_854,2,2.5,0.6077,118.88,112.0,35.19,"(168, 118, 95)","(128, 72, 50)","(148, 94, 71)","(180, 137, 109)","(158, 106, 83)",48.73,3,21.22,0.0,0.0,2.693,0.056,4.35,1,0,1,1,0,0,3,1.0
PAT_366_2448_563,3,3.0,0.6206,131.55,131.0,31.61,"(114, 87, 80)","(163, 152, 156)","(130, 109, 109)","(192, 194, 201)","(145, 130, 134)",86.15,5,58.6,0.176,0.0,3.795,0.0,24.83,1,0,1,1,0,0,3,0.0
PAT_263_1480_753,3,3.0,0.6214,118.55,110.0,47.43,"(193, 123, 105)","(139, 61, 53)","(180, 101, 83)","(218, 157, 141)","(162, 78, 66)",74.74,5,10.85,0.0,0.0,3.438,0.262,39.03,1,0,1,1,0,0,3,0.0
PAT_63_99_189,3,3.0,0.8736,107.53,107.0,26.37,"(136, 95, 83)","(141, 108, 99)","(130, 81, 68)","(144, 123, 118)","(119, 64, 51)",45.74,1,23.22,0.0,0.0,2.435,0.021,25.27,0,0,1,1,0,0,2,1.0
PAT_15_1001_749,3,3.0,0.7011,93.51,83.0,41.28,"(113, 59, 38)","(137, 75, 50)","(168, 107, 76)","(152, 90, 63)","(188, 130, 103)",59.41,4,4.24,0.0,0.001,3.099,0.537,40.71,0,0,1,1,0,0,2,1.0
PAT_582_1363_358,2,2.5,0.8327,171.52,158.0,41.12,"(223, 152, 143)","(208, 134, 126)","(250, 206, 208)","(237, 173, 166)","(189, 110, 105)",74.33,4,13.95,0.0,0.0,3.113,0.0,18.1,1,0,1,0,0,0,2,1.0
PAT_386_1554_280,3,3.0,0.1974,122.6,115.0,34.04,"(162, 113, 113)","(217, 188, 184)","(132, 76, 75)","(181, 141, 138)","(150, 95, 95)",85.22,4,10.2,0.0,0.001,3.178,0.004,12.08,1,0,1,1,0,1,4,1.0
PAT_380_1540_432,3,3.0,0.5723,114.64,105.0,26.37,"(149, 101, 96)","(138, 77, 74)","(157, 118, 117)","(146, 91, 89)","(152, 109, 104)",29.85,2,10.27,0.0,0.0,1.73,0.0,4.06,0,0,1,1,0,0,2,1.0
PAT_251_382_164,3,3.0,0.8176,111.09,115.0,27.61,"(119, 61, 61)","(138, 101, 101)","(155, 137, 139)","(145, 118, 119)","(128, 84, 85)",56.1,3,15.27,0.0,0.0,2.851,0.007,37.85,0,0,0,1,0,0,1,1.0
PAT_581_1114_116,3,3.0,0.7234,135.25,142.0,45.82,"(168, 155, 168)","(108, 67, 66)","(195, 198, 215)","(143, 83, 84)","(154, 118, 125)",110.23,5,101.14,0.299,0.0,4.187,0.001,33.28,1,0,1,1,0,0,3,1.0
PAT_168_262_74,3,3.0,0.7545,133.62,141.0,38.01,"(146, 81, 74)","(176, 132, 137)","(162, 107, 104)","(188, 152, 157)","(216, 195, 195)",87.13,5,18.52,0.007,0.001,3.378,0.007,19.78,1,0,1,1,0,1,4,1.0
PAT_358_738_837,3,3.0,0.7327,129.81,128.0,23.19,"(148, 99, 104)","(152, 115, 120)","(188, 171, 175)","(158, 129, 134)","(145, 83, 84)",62.56,2,2.44,0.003,0.0,2.342,0.0,9.53,1,0,1,0,0,0,2,1.0
PAT_154_235_30,1,2.0,0.7968,162.34,171.0,51.56,"(221, 181, 148)","(199, 123, 81)","(235, 210, 182)","(187, 91, 45)","(209, 151, 115)",93.36,5,5.58,0.0,0.0,3.964,0.221,3.09,1,0,1,0,0,0,2,1.0
PAT_485_928_796,3,3.0,0.6815,91.51,83.0,33.9,"(133, 80, 62)","(108, 56, 37)","(157, 109, 89)","(119, 67, 50)","(145, 94, 73)",44.42,3,35.31,0.0,0.0,2.666,0.217,6.24,1,0,1,1,0,0,3,1.0
PAT_535_1012_145,2,2.5,0.7325,169.28,160.0,40.97,"(223, 159, 161)","(202, 115, 117)","(238, 187, 189)","(212, 137, 140)","(252, 229, 229)",81.94,5,9.06,0.0,0.0,2.733,0.0,8.53,1,0,1,0,0,0,2,1.0
PAT_90_138_369,1,1.0,0.8904,124.0,125.0,64.79,"(198, 70, 57)","(212, 140, 123)","(203, 108, 92)","(177, 43, 34)","(226, 169, 153)",91.7,5,17.01,0.0,0.001,3.79,0.596,83.28,1,0,1,0,0,0,2,1.0
PAT_346_720_265,1,1.0,0.8878,112.54,117.0,29.01,"(159, 138, 147)","(134, 98, 103)","(126, 58, 62)","(146, 117, 122)","(127, 83, 86)",59.43,3,13.84,0.0,0.0,3.148,0.023,19.51,0,0,1,0,0,0,1,1.0
PAT_187_287_482,3,3.0,0.565,115.99,112.0,29.17,"(163, 118, 121)","(129, 88, 91)","(186, 148, 150)","(147, 100, 104)","(118, 78, 80)",59.05,3,6.46,0.0,0.0,2.924,0.0,35.6,1,0,1,0,0,0,2,1.0
PAT_73_111_609,3,3.0,0.6804,132.37,131.0,53.07,"(179, 80, 65)","(206, 146, 133)","(194, 112, 97)","(224, 191, 181)","(148, 57, 41)",103.64,5,8.94,0.0,0.0,3.885,0.355,10.51,1,0,1,1,0,0,3,1.0
PAT_132_198_114,3,3.0,0.6487,143.15,125.0,58.62,"(215, 118, 108)","(197, 50, 55)","(241, 175, 156)","(224, 137, 124)","(212, 92, 87)",78.65,4,16.24,0.0,0.0,3.577,0.264,22.17,1,0,1,0,0,0,2,1.0
PAT_153_1200_541,3,3.0,0.696,140.12,141.0,41.77,"(142, 90, 77)","(199, 160, 148)","(184, 138, 124)","(219, 191, 178)","(166, 116, 100)",79.6,5,82.53,0.0,0.0,3.381,0.0,4.62,1,0,1,0,0,0,2,1.0
PAT_479_919_97,3,3.0,0.5889,130.07,127.0,39.03,"(151, 84, 87)","(212, 182, 187)","(181, 137, 140)","(107, 50, 63)","(166, 110, 112)",100.5,5,18.92,0.004,0.005,4.058,0.036,9.2,1,0,1,1,0,1,4,1.0
PAT_99_153_636,2,2.5,0.6598,101.81,101.0,49.91,"(151, 116, 111)","(134, 80, 72)","(225, 230, 229)","(121, 48, 37)","(178, 169, 167)",141.4,5,37.7,0.026,0.023,3.945,0.344,3.4,1,0,1,1,0,1,4,1.0
PAT_545_1029_650,3,3.0,0.7033,132.6,136.0,25.6,"(133, 74, 76)","(161, 132, 132)","(148, 96, 98)","(169, 147, 147)","(156, 115, 117)",53.49,3,3.61,0.0,0.0,2.67,0.001,32.13,1,0,1,1,0,0,3,1.0
PAT_86_1082_220,3,3.0,0.739,130.3,129.0,30.26,"(168, 134, 132)","(133, 96, 94)","(189, 163, 162)","(152, 115, 111)","(106, 75, 75)",72.68,5,18.3,0.0,0.0,3.183,0.0,39.24,1,0,1,1,0,0,3,0.0
PAT_419_832_706,3,3.0,0.6614,83.57,79.0,43.34,"(94, 34, 39)","(145, 87, 92)","(122, 58, 61)","(173, 131, 137)","(62, 23, 31)",94.61,5,86.83,0.001,0.149,3.835,0.331,31.06,1,0,1,1,0,1,4,1.0
PAT_359_741_973,3,3.0,0.5739,119.83,110.0,31.7,"(148, 93, 80)","(179, 133, 125)","(131, 76, 64)","(169, 115, 105)","(158, 104, 91)",46.53,2,12.43,0.0,0.0,2.521,0.001,2.55,0,0,1,1,0,0,2,1.0
PAT_158_243_947,1,2.0,0.7559,132.73,120.0,52.08,"(204, 132, 106)","(196, 113, 82)","(178, 62, 36)","(222, 166, 145)","(188, 98, 64)",74.2,4,2.63,0.0,0.001,3.102,0.429,10.7,1,0,1,1,0,0,3,1.0
PAT_384_782_292,1,2.0,0.7849,191.29,187.0,33.18,"(218, 159, 154)","(206, 139, 135)","(240, 188, 184)","(229, 174, 169)","(252, 206, 204)",52.09,3,18.23,0.0,0.0,2.481,0.0,8.16,1,0,1,0,0,0,2,0.0
PAT_460_894_401,3,3.0,0.729,104.13,103.0,47.21,"(178, 127, 108)","(110, 45, 28)","(139, 75, 56)","(204, 168, 153)","(160, 102, 83)",96.39,5,47.23,0.0,0.043,3.943,0.353,5.51,1,0,1,1,0,1,4,1.0
PAT_386_784_470,1,2.0,0.8691,88.71,78.0,42.41,"(129, 55, 44)","(161, 90, 79)","(142, 73, 62)","(179, 114, 104)","(117, 42, 33)",59.29,3,25.51,0.0,0.004,2.92,0.545,28.82,0,0,1,1,0,0,2,1.0
PAT_397_797_638,3,3.0,0.5761,130.91,129.0,24.19,"(180, 150, 164)","(149, 107, 114)","(160, 118, 127)","(169, 134, 141)","(143, 93, 101)",45.78,2,26.47,0.005,0.0,2.866,0.0,13.66,0,0,1,0,0,0,1,1.0
PAT_412_817_232,1,2.0,0.7677,145.9,133.0,39.49,"(192, 124, 103)","(209, 153, 137)","(197, 137, 119)","(230, 182, 169)","(185, 110, 91)",55.77,3,5.52,0.0,0.0,2.95,0.001,6.49,1,0,1,0,0,0,2,1.0
PAT_87_133_159,3,3.0,0.2022,123.63,121.0,34.73,"(184, 150, 126)","(142, 105, 83)","(116, 87, 66)","(164, 126, 103)","(202, 179, 159)",78.05,5,16.49,0.0,0.0,3.222,0.0,43.23,0,0,1,0,0,0,1,
PAT_9_17_80,3,3.0,0.441,122.06,116.0,34.44,"(131, 72, 67)","(161, 104, 101)","(196, 152, 145)","(175, 122, 118)","(146, 88, 83)",63.1,3,27.42,0.0,0.0,2.842,0.001,5.52,0,0,1,1,0,0,2,0.0
PAT_219_336_376,1,1.0,0.8721,158.32,157.0,57.13,"(217, 177, 159)","(146, 107, 87)","(244, 235, 210)","(191, 141, 124)","(93, 65, 50)",136.86,5,18.4,0.014,0.014,5.171,0.021,38.88,1,0,1,1,0,1,4,1.0
PAT_537_1014_961,3,3.0,0.4632,139.45,139.0,22.95,"(164, 162, 156)","(132, 128, 119)","(116, 109, 97)","(149, 145, 138)","(182, 186, 181)",64.6,4,6.78,0.021,0.0,3.182,0.0,8.89,1,0,0,0,0,0,1,1.0
PAT_172_266_950,3,3.0,0.389,136.45,136.0,24.21,"(169, 160, 178)","(138, 118, 133)","(153, 138, 154)","(126, 102, 116)","(106, 87, 99)",61.76,4,27.06,0.401,0.0,3.318,0.0,15.59,0,0,0,0,0,0,0,1.0
PAT_260_400_842,3,3.0,0.8089,165.29,158.0,32.84,"(208, 155, 161)","(187, 119, 123)","(161, 72, 79)","(227, 182, 187)","(197, 139, 144)",78.4,4,12.09,0.0,0.0,2.39,0.012,6.6,1,0,0,0,0,0,1,0.0
PAT_211_317_649,3,3.0,0.4814,96.4,95.0,38.09,"(113, 64, 55)","(149, 120, 113)","(134, 92, 83)","(74, 41, 42)","(168, 153, 151)",91.84,5,29.55,0.016,0.045,4.071,0.114,42.29,1,0,1,1,0,1,4,1.0
PAT_161_250_338,3,3.0,0.6703,116.02,113.0,30.71,"(116, 45, 49)","(164, 128, 137)","(147, 93, 100)","(153, 107, 115)","(137, 72, 77)",62.94,4,1.9,0.0,0.0,2.614,0.064,19.96,0,0,1,1,0,0,2,1.0
PAT_179_278_331,2,2.5,0.7883,121.11,122.0,21.74,"(128, 97, 102)","(150, 124, 134)","(117, 80, 82)","(167, 144, 155)","(138, 111, 119)",53.19,3,28.18,0.001,0.0,2.787,0.0,11.84,1,0,0,1,0,0,2,1.0
PAT_565_1073_749,3,3.0,0.5824,108.51,88.0,42.58,"(160, 72, 64)","(170, 92, 83)","(178, 107, 98)","(150, 55, 48)","(165, 81, 73)",36.83,1,8.18,0.0,0.0,1.893,0.209,20.93,0,0,1,0,0,0,1,1.0
PAT_547_1033_445,3,3.0,0.6216,100.87,95.0,20.36,"(116, 82, 70)","(128, 94, 85)","(139, 110, 107)","(123, 88, 78)","(132, 100, 94)",25.15,1,16.27,0.0,0.0,1.956,0.0,2.5,0,0,0,0,0,0,0,1.0
PAT_451_878_890,3,3.0,0.618,149.7,139.0,39.11,"(188, 126, 102)","(213, 158, 140)","(199, 138, 121)","(165, 108, 76)","(239, 193, 175)",71.31,4,12.59,0.0,0.0,2.95,0.007,6.27,1,0,1,0,0,0,2,1.0
PAT_513_964_447,3,3.0,0.8422,102.76,99.0,29.97,"(124, 94, 111)","(98, 71, 82)","(168, 161, 191)","(141, 117, 139)","(79, 39, 50)",99.74,5,58.43,0.171,0.017,3.495,0.015,13.94,1,0,0,1,0,1,3,1.0
PAT_13_21_350,3,3.0,0.7589,77.49,71.0,42.02,"(100, 36, 27)","(143, 72, 63)","(120, 52, 43)","(164, 92, 82)","(82, 20, 13)",64.98,4,43.37,0.0,0.144,3.113,0.578,18.42,0,0,1,1,0,1,3,1.0
PAT_573_1090_164,1,1.0,0.8762,158.6,154.0,40.88,"(188, 128, 103)","(209, 174, 148)","(247, 233, 212)","(198, 149, 122)","(224, 199, 175)",80.51,5,49.02,0.0,0.0,3.03,0.0,6.42,1,0,1,0,0,0,2,1.0
PAT_473_911_630,3,3.0,0.4588,159.45,157.0,28.8,"(190, 138, 153)","(184, 124, 138)","(215, 176, 193)","(177, 110, 121)","(199, 155, 173)",51.83,2,5.6,0.0,0.0,2.938,0.0,13.9,1,0,1,0,0,0,2,1.0
PAT_145_216_924,3,3.0,0.7037,113.26,111.0,45.15,"(71, 46, 58)","(153, 141, 151)","(137, 85, 89)","(184, 186, 197)","(105, 102, 118)",112.3,5,0.0,0.397,0.063,5.178,0.036,55.39,1,0,1,1,0,1,4,1.0
PAT_430_848_476,2,2.0,0.7822,108.21,104.0,34.83,"(138, 77, 77)","(165, 125, 120)","(152, 98, 96)","(118, 61, 60)","(185, 160, 153)",74.79,5,30.06,0.0,0.001,3.101,0.012,0.98,1,0,1,1,0,0,3,1.0
PAT_149_221_679,3,3.0,0.7407,107.88,105.0,21.25,"(134, 95, 102)","(120, 65, 80)","(140, 107, 111)","(75, 26, 42)","(126, 84, 92)",58.11,3,7.48,0.0,0.004,2.438,0.006,17.29,0,0,0,1,0,1,2,1.0
PAT_93_361_231,3,3.0,0.2975,80.53,73.0,19.67,"(93, 64, 67)","(122, 77, 76)","(107, 69, 71)","(82, 56, 62)","(140, 91, 89)",35.87,2,16.91,0.0,0.0,2.396,0.0,24.54,0,0,1,0,0,0,1,
PAT_93_142_269,1,1.0,0.8569,99.71,100.0,29.44,"(143, 112, 101)","(110, 77, 62)","(127, 94, 83)","(155, 133, 124)","(94, 62, 47)",60.99,4,17.81,0.0,0.0,3.086,0.016,17.29,0,0,1,1,0,0,2,1.0
PAT_491_934_46,1,1.0,0.8744,151.94,145.0,39.04,"(162, 84, 72)","(204, 153, 138)","(187, 114, 99)","(221, 181, 164)","(195, 133, 118)",70.08,4,7.81,0.0,0.0,3.176,0.012,4.15,1,0,1,0,0,0,2,1.0
PAT_423_839_717,3,3.0,0.6509,139.39,139.0,28.6,"(178, 151, 154)","(151, 111, 113)","(160, 131, 133)","(143, 88, 89)","(199, 188, 191)",74.19,4,40.37,0.013,0.0,3.124,0.001,26.56,1,0,1,1,0,0,3,1.0
PAT_265_406_276,2,2.5,0.8798,119.88,115.0,36.51,"(151, 93, 91)","(188, 134, 131)","(133, 71, 69)","(213, 163, 163)","(169, 113, 110)",75.23,5,5.18,0.0,0.0,3.075,0.002,23.3,1,0,1,0,0,0,2,1.0
PAT_492_937_43,1,1.0,0.8591,116.15,118.0,30.72,"(145, 125, 140)","(113, 84, 87)","(163, 149, 170)","(81, 52, 50)","(133, 103, 111)",84.94,5,12.63,0.174,0.017,3.84,0.003,31.29,1,0,0,1,0,1,3,1.0
PAT_243_372_119,3,3.0,0.8824,98.89,99.0,31.23,"(124, 88, 101)","(69, 47, 65)","(149, 134, 157)","(137, 109, 123)","(106, 66, 84)",74.29,5,29.65,0.184,0.01,3.69,0.0,38.93,0,0,0,0,0,0,0,1.0
PAT_514_969_995,1,2.0,0.8478,143.7,144.0,11.78,"(159, 151, 148)","(150, 136, 130)","(168, 166, 167)","(154, 144, 139)","(145, 124, 119)",32.18,1,6.62,0.022,0.0,1.629,0.0,3.37,1,0,0,0,0,0,1,1.0
PAT_230_350_872,3,3.0,0.6592,188.06,180.0,29.49,"(232, 183, 181)","(213, 145, 143)","(220, 161, 158)","(226, 173, 171)","(239, 200, 196)",39.09,2,2.94,0.0,0.0,2.184,0.0,7.12,1,0,1,0,0,0,2,0.0
PAT_567_1077_64,3,3.0,0.7494,130.33,121.0,52.85,"(231, 159, 160)","(180, 77, 80)","(207, 126, 125)","(160, 52, 51)","(194, 101, 102)",81.76,5,4.54,0.0,0.001,3.601,0.253,50.06,1,0,1,0,0,0,2,1.0
PAT_567_1078_978,1,2.0,0.806,110.06,97.0,54.15,"(163, 55, 58)","(194, 115, 123)","(178, 80, 87)","(219, 167, 173)","(129, 30, 37)",104.64,5,42.31,0.0,0.009,3.966,0.541,37.23,1,0,1,1,0,1,4,1.0
PAT_309_662_76,3,3.0,0.5075,94.05,81.0,57.82,"(167, 76, 46)","(122, 25, 3)","(155, 55, 14)","(178, 100, 72)","(198, 130, 101)",81.13,5,8.84,0.0,0.034,3.878,0.831,38.81,0,0,1,1,0,0,2,1.0
