key,best_asymmetry_score,mean_asymmetry_score,Average_Circularity,Mean Color,Median Color,Std Color,Color 1,Color 2,Color 3,Color 4,Color 5,Color Variation,Color Diversity,Color Asymmetry,Blue Dominance,Dark Ratio,Color Entropy,Highly Sat Ratio,Border Contrast,White,Red,Light Brown,Dark Brown,Blue Green,Black,Color Count
PAT_333_1468_620,3,3.0,0.4568,107.21,98.0,27.54,"(164, 119, 104)","(144, 100, 89)","(110, 78, 76)","(192, 152, 136)","(127, 88, 82)",61.34,4,5.25,0.0,0.0,2.662,0.0,73.11,1,0,1,0,0,0,2
PAT_42_58_13,1,1.0,0.8723,83.1,69.0,39.31,"(117, 48, 40)","(146, 76, 63)","(161, 94, 77)","(95, 27, 19)","(131, 61, 52)",53.52,3,6.27,0.0,0.041,2.604,0.579,28.08,0,0,1,1,0,0,2
PAT_330_1438_323,3,3.0,0.4448,158.04,155.0,45.26,"(201, 111, 117)","(215, 186, 190)","(213, 130, 137)","(184, 82, 85)","(214, 152, 158)",72.87,5,16.5,0.0,0.0,3.885,0.055,2.2,1,0,1,0,0,0,2
PAT_442_863_795,1,2.0,0.8613,147.66,142.0,32.73,"(201, 158, 171)","(180, 120, 125)","(169, 106, 105)","(223, 188, 202)","(188, 138, 147)",67.94,3,8.67,0.0,0.0,2.596,0.0,10.51,1,0,1,0,0,0,2
PAT_108_161_878,2,2.5,0.7407,126.94,128.0,39.86,"(142, 63, 74)","(168, 157, 161)","(227, 227, 233)","(148, 122, 127)","(141, 94, 102)",116.79,5,25.82,0.1,0.0,4.127,0.067,54.03,1,0,0,0,0,0,1
PAT_166_3672_759,3,3.0,0.7097,114.3,115.0,31.42,"(109, 85, 72)","(169, 146, 136)","(134, 105, 91)","(63, 49, 41)","(159, 127, 115)",84.94,5,29.24,0.0,0.023,3.43,0.0,54.05,0,0,1,1,0,1,3
PAT_553_1049_461,3,3.0,0.7042,181.91,185.0,23.51,"(198, 178, 166)","(182, 132, 125)","(219, 212, 210)","(190, 158, 149)","(206, 192, 184)",59.41,3,10.94,0.01,0.0,2.961,0.0,25.45,1,0,0,0,0,0,1
PAT_214_329_300,3,3.0,0.5774,119.72,118.0,37.34,"(157, 99, 109)","(113, 56, 63)","(177, 126, 135)","(135, 78, 86)","(204, 159, 168)",85.32,5,31.42,0.0,0.001,3.701,0.011,5.44,1,0,1,1,0,0,3
PAT_183_283_495,3,3.0,0.7627,131.66,128.0,21.96,"(122, 121, 122)","(152, 156, 162)","(136, 138, 141)","(171, 181, 193)","(109, 105, 105)",64.93,3,29.58,0.496,0.0,2.941,0.0,24.61,0,0,0,0,0,0,0
PAT_154_237_625,3,3.0,0.4942,99.2,81.0,52.94,"(136, 53, 46)","(189, 110, 95)","(90, 62, 61)","(226, 176, 152)","(171, 68, 59)",106.86,5,36.64,0.005,0.024,4.574,0.497,34.88,1,0,1,1,0,1,4
PAT_557_1058_309,1,1.5,0.8769,140.69,149.0,39.79,"(184, 154, 160)","(156, 70, 61)","(165, 99, 95)","(175, 125, 127)","(202, 192, 201)",94.01,5,2.13,0.031,0.0,3.43,0.094,30.26,1,0,1,0,0,0,2
PAT_197_301_449,3,3.0,0.8542,86.47,82.0,27.91,"(132, 106, 101)","(104, 67, 57)","(168, 148, 150)","(74, 34, 32)","(114, 82, 75)",88.81,4,3.16,0.003,0.032,2.796,0.028,27.79,1,0,0,1,0,1,3
PAT_464_899_646,3,3.0,0.6825,90.64,91.0,55.76,"(86, 12, 17)","(171, 113, 117)","(211, 179, 180)","(125, 41, 41)","(148, 79, 83)",129.24,5,13.09,0.006,0.238,4.334,0.455,71.69,1,0,1,1,0,1,4
PAT_237_362_909,2,2.5,0.8011,136.44,131.0,41.89,"(177, 108, 84)","(198, 142, 121)","(161, 91, 68)","(188, 124, 103)","(208, 161, 141)",55.61,2,21.93,0.0,0.0,3.06,0.075,7.42,0,0,1,0,0,0,1
PAT_460_894_242,1,1.5,0.8033,93.51,93.0,37.24,"(79, 39, 26)","(143, 110, 97)","(123, 84, 70)","(163, 148, 138)","(108, 64, 47)",86.63,5,36.2,0.0,0.057,3.777,0.186,5.26,1,0,1,1,0,1,4
PAT_128_194_144,2,2.5,0.8431,162.93,160.0,30.74,"(139, 124, 117)","(183, 212, 194)","(160, 150, 148)","(203, 238, 223)","(171, 178, 175)",83.64,5,14.76,0.183,0.0,4.069,0.0,41.64,1,0,0,0,0,0,1
PAT_192_295_164,1,1.0,0.8972,144.52,129.0,46.2,"(203, 129, 104)","(221, 147, 118)","(175, 100, 76)","(192, 115, 89)","(237, 173, 154)",60.12,3,31.8,0.0,0.0,2.835,0.028,12.41,1,0,1,0,0,0,2
PAT_160_248_254,3,3.0,0.7233,121.82,121.0,29.28,"(160, 130, 154)","(129, 90, 107)","(110, 72, 87)","(144, 107, 130)","(180, 161, 188)",74.61,5,28.5,0.119,0.0,3.499,0.0,37.58,1,0,0,0,0,0,1
PAT_462_896_893,3,3.0,0.6949,87.66,83.0,33.64,"(129, 77, 80)","(93, 35, 41)","(143, 99, 102)","(113, 59, 63)","(177, 140, 145)",80.72,4,12.5,0.0,0.038,3.431,0.145,23.81,1,0,1,1,0,1,4
PAT_300_648_84,1,1.0,0.8554,131.73,135.0,22.07,"(154, 132, 138)","(137, 101, 99)","(117, 84, 75)","(166, 147, 159)","(146, 117, 121)",56.96,3,9.11,0.046,0.0,2.816,0.0,16.78,1,0,0,0,0,0,1
PAT_67_104_695,3,3.0,0.7984,82.54,81.0,31.64,"(92, 102, 115)","(39, 35, 44)","(119, 131, 140)","(54, 59, 72)","(72, 79, 93)",77.53,5,9.41,0.761,0.142,4.222,0.02,30.63,0,0,0,1,0,1,2
PAT_492_1784_50,3,3.0,0.5986,153.43,154.0,38.46,"(198, 186, 149)","(134, 111, 87)","(160, 146, 115)","(213, 212, 184)","(179, 169, 138)",77.56,4,17.81,0.0,0.0,4.376,0.001,33.97,1,0,1,1,0,0,3
PAT_256_394_449,3,3.0,0.2909,133.83,125.0,37.17,"(171, 83, 88)","(186, 131, 128)","(161, 111, 98)","(197, 161, 156)","(183, 107, 110)",53.58,4,13.54,0.0,0.0,3.259,0.016,19.66,1,0,1,0,0,0,2
PAT_63_1075_498,3,3.0,0.7853,151.71,151.0,42.57,"(181, 118, 104)","(216, 167, 151)","(167, 99, 85)","(236, 203, 191)","(195, 140, 126)",80.83,5,61.84,0.0,0.0,3.659,0.007,9.87,1,0,1,0,0,0,2
PAT_545_1031_428,2,2.5,0.6297,133.63,139.0,27.93,"(140, 90, 89)","(168, 141, 145)","(148, 106, 109)","(182, 165, 168)","(156, 123, 127)",57.57,3,12.05,0.004,0.0,2.685,0.0,26.81,1,0,1,0,0,0,2
PAT_101_1041_651,1,2.0,0.8198,93.56,90.0,28.63,"(138, 123, 109)","(80, 63, 54)","(125, 101, 86)","(109, 80, 67)","(154, 149, 135)",69.75,5,18.17,0.0,0.009,3.721,0.002,5.37,1,0,1,1,0,1,4
PAT_255_388_77,2,2.5,0.7413,127.27,125.0,37.41,"(185, 145, 133)","(135, 95, 89)","(206, 173, 158)","(162, 118, 109)","(111, 75, 71)",81.56,5,63.74,0.0,0.0,3.548,0.0,23.44,0,0,1,1,0,1,3
PAT_328_1738_890,2,2.5,0.8152,98.8,93.0,36.73,"(105, 77, 73)","(159, 138, 138)","(196, 192, 189)","(79, 55, 50)","(129, 102, 100)",112.02,5,0.0,0.014,0.014,3.57,0.0,3.36,1,0,1,1,0,1,4
PAT_27_38_240,1,2.0,0.8695,66.42,62.0,38.95,"(68, 54, 34)","(136, 116, 84)","(31, 23, 12)","(190, 170, 127)","(101, 85, 59)",119.06,5,8.33,0.0,0.347,3.715,0.155,69.91,1,0,1,1,0,1,4
PAT_272_420_10,3,3.0,0.7722,140.59,141.0,42.36,"(181, 136, 118)","(162, 110, 91)","(223, 195, 180)","(113, 63, 42)","(194, 162, 143)",104.32,5,31.47,0.0,0.013,4.175,0.058,18.13,1,0,1,1,0,1,4
PAT_460_893_883,3,3.0,0.3196,140.97,132.0,47.83,"(199, 131, 107)","(244, 210, 194)","(161, 64, 60)","(191, 108, 82)","(210, 152, 131)",100.16,5,6.98,0.0,0.0,3.342,0.173,38.6,1,0,1,1,0,0,3
PAT_365_751_709,1,2.0,0.8072,124.49,118.0,38.61,"(152, 92, 59)","(174, 121, 98)","(204, 159, 138)","(164, 108, 81)","(183, 135, 113)",55.63,3,19.9,0.0,0.0,2.945,0.149,5.13,1,0,1,0,0,0,2
PAT_303_652_342,2,2.5,0.3952,148.35,151.0,36.98,"(208, 198, 183)","(155, 120, 107)","(176, 145, 133)","(127, 79, 64)","(192, 167, 154)",89.97,5,32.98,0.0,0.0,4.15,0.016,12.83,1,0,1,1,0,0,3
PAT_70_107_591,3,3.0,0.2897,81.26,79.0,21.57,"(54, 57, 60)","(103, 103, 104)","(73, 74, 75)","(126, 123, 121)","(86, 88, 90)",56.26,3,38.52,0.579,0.024,3.067,0.0,57.18,0,0,0,0,0,1,1
PAT_152_230_707,1,2.0,0.8699,88.86,71.0,41.58,"(131, 68, 61)","(239, 224, 221)","(149, 91, 87)","(117, 53, 46)","(189, 146, 143)",134.85,4,11.12,0.001,0.0,2.778,0.334,20.32,1,0,1,1,0,0,3
PAT_364_749_377,3,3.0,0.809,118.44,121.0,34.05,"(146, 110, 122)","(121, 64, 69)","(133, 88, 97)","(189, 173, 184)","(164, 136, 147)",84.24,5,29.2,0.022,0.0,3.753,0.01,35.21,1,0,1,1,0,0,3
PAT_72_110_944,3,3.0,0.6269,108.02,108.0,34.54,"(153, 114, 97)","(116, 72, 62)","(166, 136, 121)","(96, 53, 47)","(137, 93, 78)",66.03,5,23.72,0.0,0.001,3.251,0.002,66.98,0,0,1,1,0,0,2
PAT_56_88_274,3,3.0,0.5513,167.62,161.0,53.61,"(252, 184, 207)","(229, 126, 141)","(189, 63, 82)","(213, 101, 116)","(241, 150, 168)",89.6,5,12.39,0.001,0.0,4.054,0.12,16.74,1,0,1,0,0,0,2
PAT_456_887_499,3,3.0,0.6712,135.67,133.0,17.82,"(165, 137, 143)","(159, 116, 126)","(147, 122, 125)","(149, 104, 115)","(157, 128, 134)",23.26,1,3.27,0.0,0.0,2.461,0.0,14.7,0,0,0,0,0,0,0
PAT_517_972_845,1,2.0,0.8643,94.65,95.0,26.46,"(109, 73, 61)","(129, 105, 94)","(146, 129, 119)","(118, 87, 76)","(99, 55, 42)",56.71,3,30.7,0.0,0.002,2.939,0.037,14.22,1,0,1,1,0,0,3
PAT_379_4405_969,3,3.0,0.8629,136.34,135.0,29.87,"(156, 118, 112)","(182, 163, 161)","(167, 137, 132)","(143, 99, 91)","(203, 195, 196)",76.05,4,20.5,0.011,0.0,3.009,0.0,3.09,1,0,1,1,0,0,3
PAT_40_1026_312,3,3.0,0.7377,149.77,130.0,55.38,"(203, 98, 74)","(223, 132, 103)","(249, 188, 161)","(236, 152, 123)","(214, 116, 90)",64.17,4,3.86,0.0,0.0,2.799,0.268,7.67,1,0,1,0,0,0,2
PAT_579_1099_837,2,2.0,0.8653,179.03,173.0,39.0,"(206, 131, 129)","(231, 171, 173)","(247, 201, 204)","(220, 151, 152)","(177, 97, 94)",79.73,5,3.98,0.0,0.0,3.126,0.002,10.13,1,0,1,0,0,0,2
PAT_101_1041_898,3,3.0,0.7103,129.0,118.0,48.27,"(138, 74, 58)","(204, 130, 107)","(191, 111, 88)","(216, 155, 133)","(174, 89, 71)",67.73,4,7.95,0.0,0.0,3.623,0.212,16.41,0,0,1,1,0,0,2
PAT_514_969_187,3,3.0,0.7414,157.02,156.0,20.96,"(157, 142, 149)","(182, 182, 188)","(167, 160, 166)","(205, 214, 220)","(145, 125, 131)",68.03,3,19.25,0.287,0.0,2.902,0.0,8.03,1,0,0,0,0,0,1
PAT_121_184_502,2,2.5,0.875,144.74,123.0,64.68,"(222, 113, 73)","(245, 158, 111)","(251, 199, 152)","(210, 95, 56)","(234, 135, 90)",71.91,4,35.34,0.0,0.0,3.004,0.781,9.9,1,0,1,0,0,0,2
PAT_372_760_267,3,3.0,0.3448,108.02,104.0,52.88,"(84, 30, 20)","(186, 122, 88)","(207, 154, 124)","(131, 62, 38)","(157, 92, 62)",101.24,5,35.13,0.0,0.064,4.165,0.478,2.9,1,0,1,1,0,1,4
PAT_122_869_60,3,3.0,0.7938,93.67,86.0,42.33,"(175, 105, 109)","(107, 39, 47)","(150, 67, 70)","(131, 49, 56)","(165, 85, 88)",57.92,3,17.8,0.0,0.003,2.971,0.368,48.82,0,0,1,1,0,0,2
PAT_517_971_88,3,3.0,0.4819,126.47,126.0,30.83,"(140, 105, 100)","(179, 152, 146)","(74, 66, 66)","(110, 85, 81)","(156, 125, 120)",78.15,5,35.26,0.038,0.004,3.692,0.0,17.75,1,0,1,1,0,1,4
PAT_85_129_225,3,3.0,0.8356,134.19,135.0,49.14,"(173, 126, 97)","(217, 192, 146)","(123, 63, 45)","(197, 156, 123)","(145, 92, 69)",95.33,5,104.05,0.0,0.0,4.062,0.149,12.07,0,0,1,1,0,0,2
PAT_115_176_455,3,3.0,0.6284,133.42,116.0,56.95,"(177, 64, 65)","(235, 158, 152)","(194, 91, 79)","(209, 117, 105)","(81, 35, 37)",109.54,5,0.0,0.0,0.015,4.026,0.377,32.83,1,0,1,1,0,1,4
PAT_159_246_630,3,3.0,0.7825,108.74,101.0,49.9,"(165, 59, 62)","(176, 103, 100)","(151, 32, 43)","(191, 127, 125)","(170, 81, 80)",64.64,4,24.29,0.0,0.0,3.114,0.416,49.6,1,0,1,0,0,0,2
PAT_270_1387_430,1,2.0,0.8344,69.82,67.0,33.59,"(102, 91, 76)","(53, 44, 32)","(74, 66, 52)","(133, 122, 106)","(31, 23, 12)",84.35,5,29.7,0.0,0.3,3.624,0.067,38.19,0,0,0,1,0,1,2
PAT_212_326_597,3,3.0,0.8363,135.08,137.0,30.61,"(135, 91, 78)","(179, 149, 135)","(152, 112, 99)","(191, 167, 157)","(164, 130, 116)",60.93,4,48.6,0.0,0.0,3.139,0.0,6.64,1,0,1,0,0,0,2
PAT_96_150_743,3,3.0,0.7448,96.7,87.0,50.17,"(152, 60, 57)","(167, 127, 128)","(150, 30, 25)","(220, 211, 210)","(152, 89, 89)",127.91,5,41.87,0.003,0.015,3.346,0.488,33.05,1,0,1,1,0,0,3
PAT_155_238_413,3,3.0,0.5375,125.19,118.0,61.27,"(145, 66, 68)","(243, 186, 185)","(187, 100, 96)","(100, 33, 34)","(220, 140, 135)",129.18,5,101.67,0.0,0.054,4.76,0.235,18.45,1,0,1,1,0,1,4
PAT_161_250_197,3,3.0,0.4646,156.92,155.0,35.99,"(190, 133, 131)","(154, 63, 64)","(213, 183, 183)","(198, 154, 153)","(179, 112, 111)",84.1,5,12.13,0.0,0.0,3.231,0.031,16.39,1,0,1,0,0,0,2
PAT_63_98_187,2,2.5,0.6907,112.35,109.0,24.09,"(108, 69, 66)","(148, 124, 121)","(141, 99, 92)","(131, 85, 80)","(144, 111, 104)",43.32,3,15.87,0.0,0.0,2.251,0.0,25.36,0,0,1,0,0,0,1
PAT_336_705_711,3,3.0,0.7996,125.19,117.0,38.83,"(164, 84, 84)","(181, 117, 118)","(174, 101, 101)","(192, 133, 136)","(146, 63, 66)",53.83,3,15.04,0.0,0.0,2.779,0.03,21.72,0,0,1,0,0,0,1
PAT_267_1061_152,3,3.0,0.7408,160.08,162.0,30.48,"(172, 123, 131)","(194, 170, 185)","(184, 146, 158)","(211, 198, 215)","(160, 105, 105)",76.15,5,0.0,0.081,0.0,3.372,0.0,19.4,1,0,1,0,0,0,2
PAT_115_177_575,1,2.0,0.6437,176.49,173.0,64.4,"(243, 121, 102)","(253, 207, 169)","(222, 82, 72)","(253, 166, 137)","(253, 250, 227)",115.06,5,70.71,0.001,0.0,3.724,0.281,8.84,1,0,1,0,0,0,2
PAT_428_845_189,1,1.0,0.8578,126.65,127.0,30.11,"(143, 103, 103)","(163, 154, 157)","(188, 195, 200)","(151, 125, 127)","(128, 81, 77)",86.67,5,15.08,0.058,0.0,3.145,0.005,9.08,1,0,1,1,0,0,3
PAT_262_402_265,3,3.0,0.6887,141.36,145.0,34.39,"(179, 153, 155)","(134, 100, 101)","(163, 132, 133)","(196, 180, 183)","(93, 72, 73)",92.18,5,56.57,0.043,0.002,3.541,0.0,18.33,1,0,1,1,0,1,4
PAT_172_267_557,1,1.0,1.04,138.55,139.0,36.79,"(127, 102, 98)","(172, 162, 163)","(151, 131, 131)","(196, 212, 218)","(92, 76, 76)",109.56,5,23.09,0.182,0.003,4.348,0.0,9.37,1,1,1,1,0,1,5
PAT_263_404_410,2,2.0,0.786,115.39,113.0,28.23,"(132, 86, 88)","(156, 124, 123)","(144, 101, 103)","(118, 70, 72)","(177, 145, 146)",59.74,3,16.61,0.0,0.0,2.819,0.0,47.04,0,0,1,0,0,0,1
PAT_147_219_206,1,1.25,0.7098,158.49,153.0,55.18,"(224, 156, 135)","(206, 42, 30)","(214, 89, 70)","(233, 182, 160)","(218, 133, 109)",96.06,5,12.72,0.0,0.0,3.681,0.206,29.96,1,0,1,0,0,0,2
PAT_406_1542_301,1,2.0,0.846,101.93,89.0,35.86,"(118, 59, 46)","(158, 101, 81)","(136, 76, 61)","(171, 134, 114)","(149, 87, 70)",53.97,3,4.0,0.0,0.0,2.527,0.119,23.09,0,0,1,1,0,0,2
PAT_394_794_235,3,3.0,0.6716,126.64,110.0,49.65,"(201, 123, 106)","(180, 85, 72)","(166, 65, 54)","(215, 150, 131)","(191, 104, 89)",60.94,4,10.61,0.0,0.0,3.278,0.29,8.99,1,0,1,0,0,0,2
PAT_53_1370_288,3,3.0,0.6142,133.0,128.0,26.33,"(153, 99, 105)","(177, 143, 147)","(163, 115, 121)","(121, 58, 64)","(170, 128, 134)",61.49,3,16.78,0.0,0.0,2.521,0.007,19.54,0,0,1,1,0,0,2
PAT_330_1440_532,1,1.0,0.8676,170.82,171.0,32.73,"(182, 158, 169)","(198, 188, 200)","(168, 133, 143)","(223, 228, 236)","(149, 113, 121)",88.48,5,50.74,0.269,0.0,3.949,0.0,16.76,1,0,1,0,0,0,2
PAT_397_798_482,2,2.5,0.8282,126.62,126.0,34.69,"(165, 129, 147)","(146, 104, 120)","(126, 83, 96)","(191, 163, 180)","(106, 61, 73)",84.03,5,60.65,0.026,0.0,3.78,0.0,6.21,1,0,1,1,0,1,4
PAT_176_273_423,1,2.0,0.8312,116.08,115.0,36.79,"(146, 114, 91)","(192, 160, 137)","(108, 78, 57)","(171, 138, 114)","(126, 94, 71)",72.09,4,3.9,0.0,0.0,3.099,0.0,12.7,0,0,1,1,0,0,2
PAT_238_364_387,3,3.0,0.8028,128.56,122.0,27.97,"(182, 146, 142)","(157, 103, 104)","(164, 115, 114)","(149, 89, 89)","(172, 129, 126)",41.27,2,17.25,0.0,0.0,2.574,0.0,12.16,0,0,1,1,0,0,2
PAT_349_724_133,3,3.0,0.5563,118.04,106.0,40.73,"(171, 94, 97)","(185, 131, 136)","(156, 61, 65)","(176, 108, 115)","(164, 79, 80)",50.97,3,4.01,0.0,0.001,2.85,0.124,28.84,0,0,1,0,0,0,1
PAT_479_917_41,3,3.0,0.5493,148.63,148.0,48.66,"(181, 99, 94)","(207, 163, 166)","(239, 219, 221)","(131, 46, 45)","(191, 129, 130)",128.03,5,27.41,0.003,0.011,3.977,0.073,8.53,1,0,1,1,0,1,4
PAT_261_401_911,3,3.0,0.4022,100.15,97.0,22.39,"(119, 85, 89)","(148, 122, 125)","(130, 100, 102)","(109, 74, 78)","(95, 63, 67)",47.61,2,4.64,0.0,0.0,2.5,0.0,5.94,0,0,0,0,0,0,0
PAT_207_313_1,3,3.0,0.8587,125.31,122.0,23.19,"(139, 107, 120)","(118, 92, 105)","(163, 146, 160)","(205, 204, 220)","(152, 120, 132)",85.62,3,25.36,0.119,0.0,2.966,0.0,19.65,1,0,0,0,0,0,1
PAT_514_967_300,3,3.0,0.8522,115.06,98.0,41.92,"(169, 98, 86)","(231, 167, 156)","(160, 85, 72)","(186, 117, 106)","(149, 75, 59)",73.46,3,25.7,0.0,0.0,2.672,0.128,11.43,1,0,1,0,0,0,2
PAT_147_219_544,2,2.5,0.727,150.56,145.0,59.52,"(234, 178, 156)","(215, 90, 71)","(224, 153, 132)","(206, 44, 32)","(219, 131, 106)",91.64,5,12.23,0.0,0.0,3.744,0.303,45.01,1,0,1,0,0,0,2
PAT_201_946_262,2,2.5,0.6998,102.22,99.0,29.84,"(107, 83, 73)","(170, 156, 147)","(144, 124, 114)","(90, 67, 57)","(124, 101, 91)",73.69,4,25.56,0.0,0.001,3.16,0.0,3.84,1,0,0,1,0,1,3
PAT_135_202_593,3,3.0,0.6572,140.35,139.0,45.22,"(224, 174, 191)","(170, 83, 96)","(202, 137, 152)","(135, 56, 66)","(183, 109, 123)",94.55,5,42.92,0.01,0.0,4.107,0.075,43.02,1,0,1,0,0,0,2
PAT_302_651_529,1,2.0,0.7672,136.37,136.0,34.41,"(212, 193, 198)","(146, 106, 113)","(184, 153, 160)","(125, 82, 89)","(165, 130, 137)",86.63,5,38.96,0.003,0.001,3.429,0.0,4.36,1,0,0,1,0,1,3
PAT_516_966_57,3,3.0,0.8072,174.79,174.0,38.78,"(224, 169, 179)","(177, 99, 101)","(210, 144, 150)","(243, 199, 212)","(197, 122, 123)",81.0,5,72.91,0.0,0.0,3.177,0.0,14.05,1,0,1,0,0,0,2
PAT_334_703_907,1,2.0,0.824,114.83,99.0,45.43,"(165, 83, 76)","(196, 130, 123)","(145, 66, 59)","(222, 179, 174)","(181, 105, 95)",86.46,5,30.85,0.0,0.0,3.401,0.203,46.44,1,0,1,1,0,0,3
PAT_576_1089_435,3,3.0,0.7041,119.69,120.0,26.25,"(138, 106, 120)","(126, 90, 101)","(152, 130, 143)","(108, 74, 75)","(172, 154, 167)",67.92,4,40.47,0.033,0.0,3.133,0.0,7.8,1,0,0,1,0,0,2
PAT_423_839_596,3,3.0,0.4361,154.83,145.0,38.64,"(194, 125, 118)","(234, 180, 175)","(216, 155, 148)","(177, 104, 97)","(206, 139, 131)",58.77,4,29.39,0.0,0.0,3.122,0.0,18.49,1,0,1,0,0,0,2
PAT_248_379_695,3,3.0,0.6347,156.28,156.0,21.04,"(194, 172, 180)","(178, 137, 137)","(183, 153, 159)","(169, 142, 153)","(162, 122, 125)",39.27,2,24.55,0.004,0.0,2.504,0.0,8.75,0,0,0,0,0,0,0
PAT_544_1028_226,3,3.0,0.6399,125.61,121.0,35.2,"(149, 92, 72)","(210, 180, 169)","(169, 127, 113)","(158, 109, 92)","(183, 147, 135)",70.4,4,34.82,0.0,0.0,3.101,0.018,6.57,1,0,1,0,0,0,2
PAT_380_1540_525,2,2.5,0.8316,158.13,162.0,23.46,"(178, 155, 179)","(146, 106, 120)","(162, 121, 145)","(187, 168, 197)","(172, 139, 163)",53.04,3,25.45,0.288,0.0,2.929,0.0,13.21,1,0,0,0,0,0,1
PAT_539_1023_928,1,1.0,0.8798,137.06,130.0,24.7,"(185, 198, 180)","(160, 120, 116)","(168, 132, 130)","(149, 110, 102)","(171, 161, 149)",60.39,3,11.15,0.0,0.0,2.685,0.0,7.71,1,0,1,0,0,0,2
PAT_115_177_622,3,3.0,0.6564,176.21,172.0,64.06,"(234, 104, 88)","(253, 243, 213)","(253, 188, 154)","(252, 147, 123)","(210, 51, 50)",124.84,5,70.55,0.0,0.0,3.676,0.269,10.17,1,0,1,0,0,0,2
PAT_306_1646_903,3,3.0,0.7676,89.19,77.0,37.76,"(164, 107, 85)","(135, 71, 55)","(72, 30, 26)","(118, 55, 42)","(146, 86, 66)",63.69,3,10.04,0.0,0.022,2.752,0.428,8.93,0,0,1,1,0,1,3
PAT_245_376_24,3,3.0,0.734,137.34,138.0,31.5,"(191, 154, 172)","(158, 102, 123)","(172, 125, 144)","(95, 32, 41)","(140, 81, 98)",95.6,5,12.03,0.0,0.006,3.309,0.011,14.12,1,0,1,1,0,1,4
PAT_81_123_52,1,1.0,0.5513,144.06,146.0,44.58,"(163, 136, 91)","(206, 192, 144)","(142, 107, 65)","(185, 163, 116)","(225, 220, 174)",88.73,5,8.57,0.0,0.0,3.724,0.064,34.97,1,0,1,0,0,0,2
PAT_419_833_148,3,3.0,0.4656,106.89,94.0,44.76,"(172, 98, 69)","(138, 67, 48)","(154, 83, 60)","(205, 145, 117)","(182, 116, 88)",60.21,3,25.63,0.0,0.0,2.978,0.556,32.34,1,0,1,0,0,0,2
PAT_388_787_818,3,3.0,0.7658,134.46,135.0,27.55,"(157, 107, 125)","(182, 142, 160)","(139, 76, 88)","(168, 122, 140)","(145, 95, 110)",52.11,3,33.63,0.0,0.0,3.078,0.0,20.36,1,0,1,0,0,0,2
PAT_154_235_162,1,2.0,0.8572,165.26,169.0,48.7,"(210, 148, 113)","(220, 176, 145)","(198, 118, 77)","(235, 207, 179)","(187, 87, 43)",93.47,5,3.43,0.0,0.0,3.73,0.159,22.14,1,0,1,0,0,0,2
PAT_177_274_371,2,2.5,0.7822,132.22,134.0,32.95,"(163, 120, 134)","(140, 82, 89)","(202, 191, 216)","(181, 143, 164)","(154, 103, 113)",85.49,4,9.34,0.04,0.0,3.369,0.0,9.03,1,0,1,0,0,0,2
PAT_123_186_718,2,2.5,0.8728,161.86,165.0,40.81,"(190, 131, 137)","(205, 162, 161)","(113, 36, 48)","(227, 194, 199)","(171, 93, 104)",118.03,5,13.08,0.0,0.009,4.063,0.033,30.38,1,0,1,1,0,1,4
PAT_78_118_164,1,1.0,0.5782,95.53,93.0,43.17,"(85, 57, 61)","(181, 179, 207)","(142, 116, 135)","(53, 30, 29)","(114, 82, 94)",128.49,5,9.68,0.164,0.131,4.221,0.017,25.84,1,0,0,1,0,1,3
PAT_168_262_292,1,1.0,0.8674,131.37,118.0,54.91,"(185, 89, 62)","(197, 116, 99)","(243, 214, 210)","(210, 148, 138)","(143, 46, 31)",126.58,5,5.35,0.0,0.008,3.854,0.428,33.27,1,0,1,1,0,1,4
PAT_585_1130_474,1,1.0,0.8765,133.28,129.0,31.49,"(136, 143, 149)","(120, 115, 121)","(177, 192, 197)","(109, 92, 94)","(154, 167, 172)",79.82,5,62.58,0.564,0.0,3.546,0.0,28.64,1,0,0,0,0,0,1
PAT_304_653_446,3,3.0,0.6338,123.88,109.0,40.55,"(179, 106, 101)","(160, 82, 70)","(171, 96, 85)","(208, 146, 147)","(187, 118, 116)",52.69,3,8.39,0.0,0.0,2.75,0.07,7.21,0,0,1,0,0,0,1
PAT_59_46_537,3,3.0,0.7058,134.62,134.0,28.84,"(190, 173, 153)","(149, 130, 108)","(132, 114, 95)","(167, 148, 127)","(110, 96, 80)",64.94,4,15.05,0.002,0.0,3.421,0.0,72.41,1,0,1,0,0,0,2
PAT_85_129_980,3,3.0,0.7207,142.52,141.0,59.21,"(205, 141, 86)","(249, 212, 139)","(162, 91, 47)","(231, 176, 115)","(179, 110, 65)",89.75,5,39.15,0.0,0.0,3.625,0.527,18.38,0,0,1,0,0,0,1
PAT_330_696_894,3,3.0,0.7712,98.59,87.0,54.49,"(167, 82, 58)","(142, 33, 7)","(174, 97, 81)","(162, 66, 31)","(191, 120, 105)",68.19,4,55.7,0.0,0.005,3.453,0.666,35.28,0,0,1,0,0,0,1
PAT_205_311_255,2,2.75,0.8123,140.57,138.0,27.29,"(163, 115, 109)","(174, 127, 123)","(179, 140, 136)","(186, 157, 154)","(156, 100, 92)",43.86,1,16.44,0.0,0.0,2.374,0.0,10.35,0,0,1,0,0,0,1
PAT_373_2598_514,3,3.0,0.7775,112.05,114.0,34.96,"(151, 127, 125)","(111, 76, 70)","(176, 153, 152)","(130, 103, 98)","(87, 48, 41)",87.76,5,69.05,0.0,0.021,3.462,0.023,43.99,1,0,1,1,0,1,4
PAT_571_1097_652,3,3.0,0.6428,149.62,155.0,21.51,"(175, 156, 175)","(159, 115, 128)","(165, 128, 140)","(169, 145, 161)","(151, 97, 108)",46.18,2,18.26,0.118,0.0,2.664,0.0,9.51,0,0,1,0,0,0,1
PAT_403_804_994,3,3.0,0.816,111.92,105.0,38.93,"(132, 145, 149)","(67, 65, 64)","(109, 114, 115)","(164, 185, 192)","(90, 86, 83)",99.88,5,91.17,0.481,0.012,4.112,0.001,28.42,1,0,0,1,0,1,3
PAT_115_175_283,2,2.5,0.7275,109.19,74.0,78.3,"(228, 89, 73)","(172, 23, 28)","(252, 226, 204)","(246, 150, 131)","(209, 57, 49)",140.15,5,10.45,0.0,0.006,4.342,0.887,48.51,1,0,1,0,0,0,2
PAT_247_378_484,3,3.0,0.7841,80.79,76.0,37.92,"(128, 78, 64)","(90, 41, 28)","(177, 142, 122)","(148, 103, 86)","(110, 60, 45)",79.43,5,47.38,0.0,0.082,3.282,0.403,4.15,0,0,1,1,0,1,3
PAT_191_294_629,3,3.0,0.3704,86.1,80.0,48.03,"(90, 43, 45)","(178, 171, 178)","(142, 112, 116)","(115, 72, 75)","(59, 21, 23)",121.38,5,29.08,0.099,0.217,4.691,0.234,28.33,1,0,1,1,0,1,4
PAT_523_988_900,2,2.5,0.8625,90.95,87.0,24.93,"(123, 88, 64)","(115, 80, 55)","(132, 97, 74)","(120, 85, 60)","(126, 91, 68)",14.59,1,0.0,0.0,0.0,1.562,0.0,9.05,0,0,0,0,0,0,0
PAT_156_241_538,3,3.0,0.5855,136.27,138.0,20.64,"(153, 127, 121)","(161, 139, 135)","(135, 91, 85)","(146, 112, 104)","(171, 153, 152)",48.05,2,6.11,0.0,0.0,2.519,0.0,15.91,1,0,1,0,0,0,2
PAT_247_1294_292,3,3.0,1.0775,104.99,100.0,33.46,"(94, 46, 63)","(154, 102, 106)","(125, 66, 72)","(167, 126, 135)","(142, 84, 86)",64.7,4,26.84,0.004,0.002,3.403,0.019,5.52,0,0,1,1,0,0,2
PAT_62_97_868,1,2.0,0.7342,168.27,168.0,30.95,"(173, 141, 143)","(226, 221, 230)","(121, 81, 83)","(199, 186, 196)","(186, 160, 164)",106.37,5,18.23,0.12,0.0,3.176,0.0,6.57,1,0,1,0,0,0,2
PAT_38_54_234,1,2.0,0.8617,136.71,126.0,33.39,"(176, 110, 102)","(185, 139, 126)","(205, 166, 155)","(172, 99, 92)","(180, 125, 112)",46.98,3,7.11,0.0,0.0,2.001,0.0,19.24,1,0,1,0,0,0,2
PAT_241_367_89,3,3.0,0.5662,138.7,139.0,29.68,"(152, 131, 132)","(200, 193, 197)","(133, 109, 106)","(86, 70, 67)","(168, 153, 157)",100.24,5,9.94,0.101,0.004,3.874,0.001,9.77,1,0,1,1,0,1,4
PAT_529_994_419,1,2.0,0.8436,130.19,118.0,48.35,"(177, 94, 84)","(247, 194, 188)","(191, 117, 111)","(148, 58, 43)","(212, 146, 141)",105.82,5,41.41,0.0,0.001,3.346,0.133,2.6,1,0,1,0,0,0,2
PAT_138_206_507,3,3.0,0.7494,151.88,149.0,50.62,"(175, 72, 47)","(206, 140, 123)","(216, 169, 157)","(195, 113, 88)","(243, 217, 205)",108.3,5,5.66,0.0,0.0,4.571,0.165,43.53,1,0,1,1,0,1,4
PAT_395_795_43,3,3.0,0.7198,119.2,118.0,27.6,"(185, 159, 155)","(140, 100, 98)","(167, 136, 133)","(126, 81, 78)","(153, 116, 114)",61.2,4,14.28,0.0,0.0,2.716,0.0,19.92,1,0,1,1,0,0,3
PAT_86_131_107,2,2.5,0.8814,117.06,122.0,36.28,"(126, 111, 112)","(47, 37, 44)","(148, 139, 138)","(97, 79, 83)","(175, 171, 172)",109.47,5,35.03,0.21,0.054,3.966,0.007,39.27,1,0,0,1,0,1,3
PAT_330_695_296,2,2.5,0.8254,149.87,137.0,43.94,"(221, 167, 153)","(198, 125, 103)","(207, 143, 126)","(189, 107, 86)","(243, 216, 207)",82.5,4,40.29,0.0,0.0,2.934,0.011,12.35,1,0,1,0,0,0,2
PAT_465_901_106,2,2.0,0.8809,86.16,84.0,31.55,"(119, 80, 62)","(74, 45, 35)","(146, 113, 95)","(101, 63, 48)","(135, 97, 79)",58.09,3,11.33,0.0,0.061,2.874,0.035,55.44,0,0,1,1,0,1,3
PAT_354_1814_619,3,3.0,0.8192,107.35,104.0,23.92,"(137, 99, 92)","(148, 113, 105)","(116, 80, 73)","(127, 89, 82)","(159, 130, 124)",41.33,2,12.18,0.0,0.0,2.251,0.0,33.92,0,0,1,0,0,0,1
PAT_309_662_737,1,1.0,0.8754,99.96,97.0,43.7,"(155, 92, 95)","(126, 41, 35)","(137, 66, 68)","(181, 126, 126)","(91, 10, 6)",92.86,5,16.18,0.0,0.053,4.159,0.286,20.85,0,0,1,1,0,1,3
PAT_160_249_76,3,3.0,0.8484,89.27,82.0,32.23,"(142, 92, 83)","(112, 64, 52)","(162, 117, 114)","(92, 48, 36)","(126, 77, 65)",60.64,4,17.47,0.0,0.012,2.95,0.094,11.28,1,0,1,1,0,1,4
PAT_521_984_412,1,2.0,0.8742,68.1,51.0,45.73,"(140, 65, 40)","(119, 39, 18)","(130, 52, 28)","(108, 29, 8)","(157, 87, 62)",45.32,3,8.91,0.0,0.08,2.289,0.981,41.98,0,0,1,0,0,0,1
PAT_344_718_206,3,3.0,0.8485,57.19,57.0,27.38,"(101, 80, 38)","(75, 52, 22)","(87, 64, 26)","(64, 42, 16)","(113, 94, 51)",40.28,2,2.48,0.0,0.375,2.02,0.866,54.56,0,0,0,1,0,0,1
PAT_180_279_746,1,2.0,0.8803,111.31,99.0,50.79,"(172, 88, 73)","(215, 151, 137)","(126, 33, 29)","(188, 111, 96)","(153, 67, 51)",87.82,5,22.81,0.0,0.013,3.679,0.458,28.97,1,0,1,1,0,0,3
PAT_91_140_664,3,3.0,0.7263,123.77,121.0,31.09,"(168, 130, 110)","(136, 88, 59)","(151, 107, 79)","(177, 150, 129)","(159, 119, 97)",49.35,3,17.19,0.0,0.0,2.796,0.035,8.18,0,0,1,1,0,0,2
PAT_406_809_581,3,3.0,0.6534,96.84,84.0,47.55,"(163, 102, 72)","(140, 65, 34)","(239, 204, 181)","(193, 141, 113)","(151, 83, 50)",109.2,4,20.41,0.0,0.001,2.402,0.801,25.52,1,0,1,0,0,0,2
PAT_388_1592_576,3,3.0,0.577,154.84,147.0,42.35,"(177, 96, 86)","(223, 168, 160)","(193, 125, 112)","(205, 145, 132)","(250, 208, 206)",86.14,5,17.49,0.0,0.0,3.383,0.016,16.4,1,0,1,0,0,0,2
PAT_39_55_233,1,1.0,0.8898,83.39,81.0,27.64,"(76, 51, 51)","(107, 90, 97)","(126, 112, 120)","(157, 157, 167)","(91, 70, 74)",85.03,5,20.5,0.088,0.024,2.948,0.0,16.17,1,0,0,1,0,1,3
PAT_319_679_533,3,3.0,0.7521,105.27,95.0,48.11,"(156, 71, 59)","(183, 117, 107)","(170, 93, 82)","(140, 48, 36)","(199, 149, 144)",78.1,5,9.36,0.0,0.004,3.521,0.482,27.25,1,0,1,1,0,0,3
PAT_207_3951_140,3,3.0,0.8056,136.23,136.0,26.08,"(163, 131, 123)","(119, 86, 74)","(168, 147, 142)","(147, 116, 103)","(179, 167, 165)",65.5,3,11.18,0.007,0.0,3.187,0.0,20.2,1,0,1,0,0,0,2
PAT_49_75_326,3,3.0,0.5026,137.01,129.0,25.8,"(163, 118, 117)","(179, 153, 151)","(153, 103, 103)","(202, 188, 187)","(170, 131, 129)",61.96,3,3.9,0.0,0.0,2.46,0.0,4.76,1,0,1,0,0,0,2
PAT_91_356_273,1,2.0,0.859,135.13,135.0,33.19,"(175, 187, 197)","(130, 122, 128)","(95, 70, 73)","(152, 150, 158)","(116, 97, 99)",92.8,5,0.0,0.462,0.001,4.054,0.0,19.91,1,0,1,1,0,0,3
PAT_468_4775_268,3,3.0,0.6661,185.72,186.0,20.92,"(213, 192, 182)","(195, 165, 158)","(183, 146, 140)","(204, 179, 170)","(222, 207, 196)",44.69,2,13.9,0.0,0.0,2.416,0.0,15.14,1,0,0,0,0,0,1
PAT_380_773_362,1,2.0,0.855,124.37,121.0,27.73,"(167, 139, 137)","(136, 81, 76)","(157, 109, 103)","(152, 96, 92)","(161, 124, 120)",44.27,3,16.16,0.0,0.0,3.044,0.0,8.0,1,0,1,1,0,0,3
PAT_324_1465_43,3,3.0,0.4291,132.27,140.0,19.93,"(148, 138, 153)","(144, 95, 110)","(146, 112, 126)","(141, 81, 98)","(146, 126, 140)",40.47,2,20.34,0.295,0.0,2.199,0.0,23.45,0,0,0,0,0,0,0
PAT_267_1062_418,1,2.0,0.8181,150.52,151.0,33.13,"(110, 82, 84)","(170, 145, 151)","(212, 216, 225)","(149, 119, 124)","(188, 174, 182)",105.9,5,49.29,0.095,0.0,3.664,0.0,20.91,1,0,0,0,0,0,1
PAT_361_1568_456,2,2.5,0.7709,151.12,141.0,44.74,"(170, 95, 90)","(214, 139, 127)","(193, 119, 111)","(233, 163, 149)","(63, 55, 85)",101.37,5,5.77,0.015,0.003,3.619,0.007,43.08,1,0,1,1,0,1,4
PAT_486_929_274,3,3.0,0.4677,83.06,78.0,30.24,"(114, 67, 64)","(139, 112, 106)","(65, 35, 37)","(127, 85, 81)","(90, 50, 50)",63.67,4,25.76,0.0,0.085,3.043,0.017,65.76,0,0,0,1,0,1,2
PAT_337_706_944,3,3.0,0.6005,201.85,204.0,23.93,"(203, 169, 171)","(221, 203, 206)","(193, 145, 146)","(235, 231, 234)","(211, 185, 189)",62.43,4,17.53,0.068,0.0,3.247,0.0,19.68,1,0,0,0,0,0,1
PAT_82_125_907,1,2.0,0.8112,79.83,67.0,49.2,"(60, 33, 30)","(144, 127, 127)","(191, 190, 192)","(116, 88, 87)","(87, 57, 53)",127.85,5,87.71,0.073,0.38,4.33,0.139,39.04,1,0,1,1,0,1,4
PAT_48_74_309,1,2.0,0.8988,168.33,168.0,22.09,"(197, 185, 174)","(172, 139, 136)","(154, 124, 115)","(195, 170, 159)","(186, 157, 151)",47.45,3,12.25,0.003,0.0,3.222,0.0,25.06,1,0,1,0,0,0,2
PAT_381_775_253,1,1.0,0.8813,114.16,116.0,27.62,"(124, 99, 108)","(108, 76, 82)","(154, 149, 161)","(66, 42, 51)","(138, 122, 134)",86.29,5,1.28,0.22,0.016,3.523,0.001,48.28,0,0,0,1,0,1,2
PAT_463_897_440,2,2.5,0.825,105.97,108.0,19.21,"(123, 105, 114)","(102, 79, 82)","(134, 123, 133)","(79, 62, 67)","(114, 92, 97)",51.73,3,17.61,0.116,0.001,2.871,0.0,12.59,0,0,0,1,0,1,2
PAT_92_141_551,3,3.0,0.5878,117.85,118.0,35.52,"(129, 90, 76)","(166, 137, 117)","(105, 61, 47)","(148, 113, 96)","(189, 166, 142)",80.37,5,13.54,0.008,0.008,3.794,0.043,9.93,1,0,1,1,0,1,4
PAT_115_175_206,1,2.0,0.7375,109.41,74.0,78.56,"(239, 123, 105)","(194, 41, 38)","(251, 207, 184)","(220, 72, 59)","(160, 17, 25)",131.3,5,7.23,0.0,0.006,4.362,0.882,56.4,1,0,1,0,0,0,2
PAT_204_310_975,3,3.0,0.837,130.65,131.0,36.75,"(131, 70, 74)","(169, 124, 129)","(201, 186, 187)","(151, 99, 104)","(184, 154, 157)",87.26,5,45.96,0.0,0.0,3.387,0.004,50.91,1,0,1,1,0,0,3
PAT_84_128_233,3,3.0,0.7346,115.73,110.0,44.6,"(205, 138, 130)","(158, 80, 74)","(173, 99, 97)","(144, 63, 54)","(188, 116, 113)",61.49,3,13.49,0.0,0.0,3.197,0.199,18.72,0,0,1,0,0,0,1
PAT_409_2614_24,1,1.0,0.8508,150.51,141.0,30.99,"(193, 137, 142)","(178, 108, 114)","(219, 169, 178)","(185, 123, 128)","(204, 150, 156)",47.71,3,27.56,0.0,0.0,2.567,0.0,5.76,1,0,1,0,0,0,2
PAT_36_49_935,3,3.0,0.8414,116.23,98.0,46.26,"(164, 80, 73)","(197, 120, 114)","(141, 61, 56)","(225, 158, 153)","(179, 96, 88)",77.77,4,7.54,0.0,0.0,2.945,0.134,7.31,1,0,1,0,0,0,2
PAT_277_427_658,2,2.0,0.8247,59.04,51.0,28.32,"(87, 34, 40)","(150, 104, 107)","(58, 18, 20)","(102, 47, 53)","(115, 61, 68)",71.13,3,11.94,0.0,0.223,2.455,0.39,14.62,0,0,0,1,0,1,2
PAT_201_306_781,2,2.5,0.7889,102.89,98.0,37.04,"(146, 88, 84)","(118, 63, 57)","(160, 106, 104)","(95, 41, 33)","(180, 134, 133)",79.72,5,56.47,0.0,0.019,3.066,0.096,4.05,1,0,1,1,0,0,3
PAT_225_345_903,2,2.0,0.8752,168.43,169.0,26.04,"(180, 143, 154)","(225, 211, 220)","(208, 182, 192)","(170, 127, 137)","(193, 160, 172)",64.37,3,25.59,0.034,0.0,3.084,0.0,10.38,1,0,0,0,0,0,1
PAT_194_298_945,3,3.0,0.7898,88.88,82.0,47.7,"(53, 36, 23)","(164, 125, 89)","(127, 93, 66)","(200, 167, 136)","(88, 63, 44)",112.78,5,36.28,0.0,0.233,4.151,0.162,75.4,1,0,1,1,0,1,4
PAT_178_276_465,3,3.0,0.6444,115.62,117.0,27.69,"(124, 65, 75)","(150, 107, 129)","(142, 89, 107)","(164, 132, 152)","(134, 77, 92)",53.99,3,3.43,0.003,0.002,2.603,0.005,7.49,1,0,0,1,0,0,2
PAT_482_924_134,2,2.5,0.7689,118.21,111.0,27.64,"(150, 105, 92)","(141, 95, 82)","(111, 68, 58)","(167, 126, 113)","(158, 114, 101)",45.47,3,11.19,0.0,0.0,2.315,0.0,22.11,0,0,1,1,0,0,2
PAT_356_736_188,2,2.5,0.8221,140.31,123.0,51.57,"(226, 152, 135)","(200, 101, 92)","(214, 126, 112)","(182, 82, 72)","(242, 188, 169)",76.77,5,39.52,0.0,0.0,3.241,0.142,16.22,1,0,1,0,0,0,2
PAT_390_790_505,3,3.0,0.6696,101.26,102.0,43.81,"(136, 77, 63)","(164, 141, 133)","(150, 108, 94)","(128, 57, 41)","(202, 192, 191)",105.89,5,66.55,0.002,0.0,3.511,0.439,38.6,1,0,1,0,0,0,2
PAT_426_842_458,2,2.0,0.7163,117.73,104.0,34.44,"(163, 106, 93)","(159, 92, 83)","(182, 141, 130)","(152, 77, 70)","(169, 120, 106)",44.67,2,7.67,0.0,0.0,2.706,0.009,34.03,1,0,1,0,0,0,2
PAT_389_2600_833,1,2.0,0.8402,128.92,130.0,34.71,"(151, 97, 85)","(178, 131, 125)","(164, 112, 102)","(191, 151, 147)","(136, 80, 67)",59.96,3,0.0,0.0,0.0,3.082,0.003,5.73,0,0,1,0,0,0,1
PAT_98_152_562,1,2.0,0.7866,146.35,151.0,33.87,"(178, 142, 142)","(155, 98, 86)","(197, 190, 194)","(169, 120, 116)","(185, 164, 165)",72.79,5,47.74,0.026,0.0,3.261,0.0,5.63,1,0,1,0,0,0,2
PAT_445_871_524,3,3.0,0.4041,104.15,108.0,54.08,"(118, 26, 19)","(171, 111, 103)","(195, 155, 152)","(141, 50, 39)","(151, 79, 66)",99.18,5,56.01,0.0,0.043,4.203,0.483,49.58,1,0,1,1,0,1,4
PAT_514_967_908,3,3.0,0.7932,141.62,131.0,40.79,"(207, 150, 132)","(176, 111, 94)","(242, 190, 173)","(188, 129, 111)","(160, 87, 72)",78.96,4,13.65,0.0,0.001,3.073,0.011,9.7,1,0,1,1,0,0,3
PAT_108_424_944,3,3.0,0.6373,139.34,139.0,32.02,"(137, 128, 115)","(180, 180, 167)","(108, 97, 81)","(159, 153, 140)","(212, 214, 205)",96.93,5,9.08,0.006,0.001,3.765,0.0,3.86,1,0,1,1,0,1,4
PAT_71_108_617,2,2.5,0.8119,152.21,146.0,30.72,"(199, 151, 142)","(181, 128, 116)","(161, 110, 96)","(208, 163, 157)","(191, 140, 129)",45.29,3,6.88,0.0,0.0,2.609,0.0,23.08,1,0,1,0,0,0,2
PAT_311_666_191,1,2.0,0.8777,101.4,103.0,18.85,"(130, 110, 125)","(116, 86, 98)","(100, 65, 71)","(122, 97, 109)","(108, 77, 84)",37.59,3,25.02,0.048,0.0,2.51,0.0,8.69,0,0,0,0,0,0,0
PAT_270_1382_561,3,3.0,0.8188,49.46,41.0,22.3,"(39, 40, 44)","(85, 75, 73)","(28, 30, 35)","(115, 95, 89)","(62, 56, 56)",61.49,4,34.6,0.666,0.688,2.502,0.0,76.83,0,0,0,1,0,1,2
PAT_330_1437_458,3,3.0,0.6258,138.86,134.0,33.63,"(185, 136, 131)","(151, 94, 92)","(168, 118, 114)","(201, 166, 161)","(126, 68, 68)",75.28,5,16.47,0.0,0.0,3.315,0.003,18.18,1,0,1,1,0,0,3
PAT_452_882_896,3,3.0,0.6885,141.02,133.0,45.08,"(193, 129, 107)","(172, 105, 86)","(123, 65, 52)","(236, 192, 170)","(211, 155, 130)",98.66,5,6.02,0.0,0.004,3.84,0.038,45.76,1,0,1,1,0,0,3
PAT_34_47_108,3,3.0,0.8453,102.96,97.0,36.67,"(179, 133, 118)","(134, 76, 56)","(158, 108, 91)","(145, 90, 71)","(120, 59, 43)",58.98,3,17.22,0.0,0.0,2.854,0.217,35.79,0,0,1,0,0,0,1
PAT_420_834_948,1,1.5,0.828,107.99,107.0,38.83,"(163, 118, 102)","(124, 72, 54)","(146, 96, 79)","(181, 140, 128)","(94, 42, 27)",81.7,5,38.19,0.0,0.021,3.537,0.146,22.85,1,0,1,1,0,1,4
PAT_38_1002_34,3,3.0,0.4145,134.9,137.0,19.76,"(149, 125, 122)","(168, 156, 154)","(135, 99, 95)","(157, 139, 136)","(144, 113, 110)",43.18,3,10.95,0.004,0.0,2.343,0.0,13.25,0,0,0,0,0,0,0
PAT_451_878_634,3,3.0,0.4795,126.62,127.0,18.64,"(145, 103, 114)","(152, 136, 135)","(118, 89, 85)","(147, 120, 123)","(135, 112, 108)",36.74,3,21.83,0.006,0.0,2.284,0.0,17.15,0,0,0,0,0,0,0
PAT_396_796_394,3,3.0,0.8583,161.6,164.0,40.56,"(180, 124, 123)","(219, 178, 182)","(196, 150, 151)","(160, 95, 94)","(239, 208, 216)",91.46,5,82.01,0.0,0.0,3.763,0.0,39.41,1,0,1,0,0,0,2
PAT_490_933_17,3,3.0,0.8396,132.67,121.0,38.91,"(189, 120, 117)","(153, 89, 85)","(169, 107, 99)","(220, 191, 152)","(195, 156, 123)",68.79,4,24.63,0.0,0.0,3.201,0.0,10.94,0,0,1,0,0,0,1
PAT_297_4307_924,3,3.0,0.7341,124.84,119.0,33.58,"(153, 94, 70)","(172, 132, 105)","(167, 119, 93)","(162, 107, 81)","(181, 148, 122)",39.26,2,6.37,0.0,0.0,2.165,0.004,31.18,0,0,1,0,0,0,1
PAT_296_640_206,1,2.0,0.6639,131.37,126.0,48.06,"(188, 120, 98)","(153, 67, 45)","(199, 142, 120)","(175, 99, 73)","(236, 189, 165)",89.74,5,27.68,0.0,0.0,3.852,0.247,6.43,1,0,1,1,0,0,3
PAT_247_1293_449,3,3.0,0.7918,139.91,138.0,22.65,"(163, 128, 127)","(129, 89, 106)","(180, 154, 153)","(152, 112, 115)","(170, 140, 139)",46.6,3,17.61,0.0,0.0,2.352,0.0,21.08,0,0,1,0,0,0,1
PAT_417_3537_45,1,2.0,0.8526,107.34,108.0,23.71,"(88, 69, 67)","(104, 90, 90)","(154, 148, 145)","(118, 107, 107)","(130, 123, 125)",62.69,3,12.25,0.168,0.0,3.312,0.0,28.91,1,0,0,1,0,1,3
PAT_316_1457_353,2,2.5,0.691,144.01,148.0,36.98,"(171, 180, 166)","(131, 123, 104)","(111, 90, 76)","(149, 149, 134)","(190, 208, 207)",96.07,5,15.08,0.077,0.0,3.702,0.0,34.21,1,0,0,0,0,0,1
PAT_43_1017_483,3,3.0,0.7952,128.03,116.0,30.52,"(169, 121, 109)","(158, 99, 87)","(220, 176, 167)","(164, 112, 98)","(184, 138, 128)",59.92,3,2.03,0.0,0.0,1.937,0.0,8.54,1,0,1,0,0,0,2
PAT_354_731_155,1,1.0,0.8535,150.66,141.0,50.06,"(205, 124, 86)","(216, 154, 132)","(230, 190, 181)","(212, 139, 104)","(195, 106, 68)",69.42,3,23.29,0.0,0.0,3.044,0.274,9.32,1,0,1,0,0,0,2
PAT_41_57_2,3,3.0,0.7602,74.24,71.0,36.04,"(97, 55, 43)","(143, 102, 92)","(69, 30, 24)","(119, 78, 67)","(174, 140, 125)",89.51,5,24.16,0.0,0.202,3.489,0.343,27.09,0,0,1,1,0,1,3
PAT_380_774_185,1,2.0,0.7367,114.61,120.0,28.96,"(124, 120, 121)","(88, 61, 62)","(112, 98, 97)","(133, 139, 144)","(159, 170, 175)",82.15,5,34.41,0.359,0.002,3.327,0.0,14.4,1,0,0,1,0,1,3
PAT_342_716_316,3,3.0,0.8987,169.15,163.0,36.78,"(207, 141, 127)","(224, 177, 167)","(214, 158, 146)","(199, 123, 109)","(239, 201, 195)",60.44,3,13.55,0.0,0.0,2.791,0.003,21.03,1,0,1,0,0,0,2
PAT_142_210_904,1,2.25,0.868,160.35,161.0,32.89,"(190, 182, 184)","(129, 102, 97)","(153, 134, 133)","(212, 215, 220)","(172, 157, 157)",90.46,5,31.9,0.15,0.0,3.867,0.0,4.98,1,0,1,1,0,0,3
PAT_497_943_580,1,1.0,0.8475,104.59,93.0,42.46,"(134, 67, 56)","(173, 109, 95)","(155, 86, 73)","(207, 153, 137)","(99, 48, 36)",86.94,5,6.97,0.0,0.01,3.55,0.204,18.65,1,0,1,1,0,1,4
PAT_352_729_947,3,3.0,0.6803,87.6,91.0,28.25,"(111, 97, 88)","(55, 56, 57)","(133, 118, 104)","(86, 78, 75)","(33, 42, 45)",70.77,4,8.69,0.19,0.147,2.995,0.0,57.91,0,0,0,0,0,1,1
PAT_163_254_719,3,3.0,0.7599,180.94,178.0,22.43,"(206, 177, 177)","(190, 150, 151)","(215, 201, 202)","(148, 98, 103)","(200, 164, 165)",71.55,4,7.7,0.001,0.0,2.156,0.0,3.52,1,0,1,0,0,0,2
PAT_139_207_342,2,2.5,0.8066,97.89,97.0,39.17,"(122, 104, 101)","(81, 41, 39)","(204, 211, 212)","(146, 141, 141)","(106, 76, 71)",129.55,5,10.57,0.073,0.065,3.708,0.058,32.85,1,0,1,1,0,1,4
PAT_279_429_142,3,3.0,0.8286,133.5,117.0,58.27,"(193, 92, 74)","(248, 213, 196)","(226, 160, 142)","(163, 58, 42)","(207, 119, 100)",114.41,5,36.46,0.0,0.001,3.919,0.432,4.37,1,0,1,0,0,0,2
PAT_230_1007_645,3,3.0,0.7045,144.45,146.0,48.31,"(210, 165, 147)","(158, 89, 84)","(185, 126, 116)","(130, 67, 59)","(239, 205, 187)",109.48,5,44.76,0.0,0.0,3.962,0.016,47.27,1,0,1,1,0,0,3
PAT_456_888_961,2,2.5,0.6973,132.22,133.0,20.43,"(178, 153, 173)","(143, 117, 134)","(108, 78, 105)","(132, 102, 121)","(155, 129, 147)",58.15,3,14.94,0.14,0.0,2.658,0.0,7.91,1,0,0,0,0,0,1
PAT_430_848_550,3,3.0,0.755,138.55,135.0,26.84,"(155, 103, 107)","(175, 137, 139)","(188, 163, 161)","(109, 73, 67)","(166, 121, 124)",71.62,4,2.08,0.0,0.0,2.723,0.0,16.96,1,0,1,1,0,0,3
PAT_253_384_607,1,2.0,0.8629,149.66,142.0,32.39,"(174, 106, 107)","(193, 133, 139)","(160, 82, 85)","(201, 145, 150)","(184, 122, 127)",48.98,3,10.86,0.0,0.0,2.396,0.0,1.97,0,0,1,0,0,0,1
PAT_465_901_627,1,2.0,0.8364,94.41,91.0,33.07,"(172, 133, 111)","(132, 92, 73)","(92, 58, 43)","(149, 109, 89)","(114, 77, 59)",62.88,3,9.37,0.0,0.0,2.906,0.006,61.77,0,0,1,1,0,0,2
PAT_170_264_785,2,2.0,0.874,122.12,105.0,41.72,"(172, 98, 78)","(191, 123, 104)","(180, 108, 89)","(159, 83, 62)","(214, 150, 130)",52.23,3,14.0,0.0,0.0,1.982,0.1,8.91,0,0,1,0,0,0,1
PAT_369_755_391,3,3.0,0.6982,120.79,115.0,28.19,"(149, 92, 102)","(166, 118, 127)","(141, 78, 85)","(180, 140, 151)","(157, 103, 115)",47.45,3,13.58,0.0,0.0,2.569,0.002,12.09,0,0,1,0,0,0,1
PAT_131_197_974,1,1.5,0.8471,105.97,100.0,59.57,"(126, 33, 26)","(192, 120, 104)","(224, 180, 164)","(150, 60, 49)","(174, 88, 70)",108.38,5,31.73,0.0,0.029,4.503,0.598,85.38,1,0,1,1,0,1,4
PAT_360_742_782,3,3.0,0.6907,145.05,143.0,33.37,"(196, 189, 205)","(111, 91, 104)","(158, 135, 153)","(180, 162, 180)","(134, 113, 129)",82.77,5,23.04,0.361,0.0,3.763,0.0,19.17,1,0,0,0,0,1,2
PAT_532_3216_633,1,1.0,0.885,127.6,129.0,31.69,"(193, 185, 179)","(147, 124, 110)","(107, 77, 63)","(165, 149, 139)","(129, 101, 86)",88.19,5,22.27,0.0,0.001,3.562,0.003,31.97,1,0,1,1,0,1,4
PAT_388_1590_169,1,1.0,0.7986,128.44,129.0,30.41,"(155, 122, 105)","(190, 173, 165)","(113, 81, 69)","(141, 105, 87)","(168, 145, 133)",75.16,4,34.71,0.01,0.001,3.321,0.0,33.22,1,0,1,1,0,1,4
PAT_406_808_560,1,2.0,1.0359,145.86,144.0,39.67,"(172, 116, 98)","(205, 164, 144)","(188, 137, 120)","(151, 92, 72)","(229, 194, 174)",80.46,5,3.67,0.0,0.0,3.344,0.01,22.26,1,0,1,0,0,0,2
PAT_373_761_708,3,3.0,0.7959,123.51,121.0,50.81,"(188, 116, 100)","(141, 49, 38)","(170, 89, 74)","(232, 178, 166)","(203, 140, 125)",97.19,5,6.93,0.0,0.001,3.723,0.286,37.54,1,0,1,1,0,0,3
PAT_355_732_102,2,2.5,0.5558,126.99,116.0,53.37,"(184, 92, 76)","(196, 116, 100)","(211, 140, 126)","(170, 67, 47)","(237, 182, 170)",87.39,5,57.4,0.0,0.0,3.585,0.395,15.76,1,0,1,0,0,0,2
PAT_82_125_365,1,1.0,0.865,101.02,94.0,55.55,"(206, 140, 114)","(104, 43, 28)","(175, 103, 82)","(238, 184, 157)","(139, 73, 54)",116.08,5,89.69,0.0,0.079,4.404,0.495,36.77,1,0,1,1,0,1,4
PAT_196_300_749,3,3.0,0.8095,104.63,101.0,24.57,"(140, 124, 128)","(85, 72, 82)","(124, 101, 108)","(168, 171, 177)","(120, 84, 93)",76.81,4,25.59,0.164,0.0,3.573,0.0,24.85,1,0,0,0,0,0,1
PAT_154_236_800,2,2.5,0.8342,104.68,98.0,39.85,"(164, 114, 83)","(96, 54, 39)","(149, 94, 66)","(181, 138, 105)","(133, 78, 53)",66.42,4,10.14,0.0,0.01,3.251,0.249,16.92,0,0,1,1,0,1,3
PAT_478_916_979,3,3.0,0.6426,200.01,203.0,19.66,"(210, 167, 179)","(220, 201, 206)","(216, 188, 193)","(193, 133, 142)","(230, 216, 221)",57.14,3,14.03,0.003,0.0,2.611,0.0,8.91,1,0,1,0,0,0,2
PAT_207_313_709,3,3.0,0.6586,84.9,84.0,34.01,"(118, 74, 66)","(84, 35, 29)","(155, 114, 99)","(104, 56, 50)","(134, 92, 81)",62.15,3,26.54,0.0,0.067,3.476,0.179,46.51,0,0,1,1,0,1,3
PAT_531_1004_792,1,1.0,0.1963,156.97,150.0,45.52,"(217, 154, 138)","(182, 108, 92)","(252, 214, 200)","(200, 133, 116)","(237, 180, 164)",82.14,5,9.99,0.0,0.0,3.369,0.007,14.93,1,0,1,1,0,0,3
PAT_306_1646_971,3,3.0,0.6592,88.22,84.0,32.76,"(110, 67, 49)","(141, 97, 78)","(160, 117, 95)","(90, 49, 32)","(127, 83, 64)",56.87,4,5.44,0.0,0.024,3.018,0.167,4.83,0,0,1,1,0,0,2
PAT_114_173_213,3,3.0,0.6042,138.22,127.0,51.39,"(132, 53, 37)","(237, 187, 175)","(198, 112, 99)","(214, 142, 131)","(173, 87, 67)",107.1,5,4.57,0.0,0.005,3.793,0.176,43.51,1,0,1,1,0,1,4
PAT_115_1138_970,1,1.0,0.6716,121.68,113.0,54.39,"(143, 70, 60)","(205, 130, 113)","(233, 179, 162)","(176, 97, 81)","(103, 49, 42)",109.3,5,56.43,0.002,0.014,4.728,0.267,44.81,1,0,1,1,0,1,4
PAT_409_2614_805,3,3.0,0.8005,177.63,182.0,41.6,"(229, 191, 154)","(209, 154, 110)","(219, 173, 132)","(237, 208, 180)","(198, 134, 88)",61.97,5,57.86,0.0,0.0,3.053,0.018,9.11,1,0,1,0,0,0,2
PAT_478_916_806,3,3.0,0.7721,138.21,136.0,29.91,"(170, 123, 132)","(140, 91, 102)","(211, 171, 176)","(189, 142, 150)","(155, 108, 119)",63.49,4,35.53,0.0,0.0,3.001,0.0,14.65,1,0,0,0,0,0,1
PAT_536_3227_442,2,2.5,0.8236,146.1,146.0,10.29,"(155, 152, 158)","(151, 144, 147)","(142, 131, 129)","(164, 166, 173)","(148, 138, 138)",29.26,1,8.4,0.244,0.0,1.222,0.0,5.89,0,0,0,0,0,0,0
PAT_265_407_137,3,3.0,0.5781,191.87,187.0,42.88,"(239, 169, 143)","(252, 208, 188)","(229, 141, 125)","(253, 239, 236)","(246, 189, 163)",72.83,4,22.06,0.001,0.0,2.945,0.0,29.62,1,0,0,0,0,0,1
PAT_386_785_536,3,3.0,0.7894,109.48,108.0,40.32,"(163, 147, 113)","(103, 85, 65)","(141, 117, 90)","(78, 53, 39)","(198, 188, 156)",106.0,5,36.26,0.0,0.037,4.133,0.036,36.94,1,0,1,1,0,1,4
PAT_345_719_815,1,2.0,0.8362,107.62,102.0,31.72,"(118, 112, 101)","(59, 69, 73)","(176, 170, 153)","(91, 92, 90)","(149, 138, 119)",85.92,5,11.26,0.281,0.011,4.006,0.0,51.4,1,0,1,0,0,1,3
PAT_541_3303_228,3,3.0,0.6612,127.41,122.0,22.62,"(126, 88, 88)","(153, 119, 114)","(166, 130, 122)","(177, 153, 145)","(143, 106, 102)",48.11,3,21.08,0.0,0.0,2.336,0.0,11.28,1,0,1,0,0,0,2
PAT_312_668_480,2,2.5,0.6549,146.28,139.0,58.46,"(200, 95, 91)","(246, 154, 144)","(175, 69, 69)","(226, 126, 118)","(254, 184, 172)",88.15,5,88.64,0.0,0.0,3.558,0.177,26.18,1,0,1,0,0,0,2
PAT_419_2767_323,3,3.0,0.7079,107.87,96.0,43.74,"(178, 116, 92)","(135, 63, 47)","(203, 146, 121)","(164, 96, 73)","(150, 78, 59)",63.72,4,11.59,0.0,0.0,3.049,0.404,7.14,1,0,1,0,0,0,2
PAT_583_1112_886,3,3.0,0.6349,124.53,118.0,35.8,"(161, 110, 98)","(199, 172, 165)","(174, 134, 126)","(153, 95, 80)","(143, 72, 53)",76.94,4,31.08,0.0,0.0,2.987,0.028,23.73,1,0,1,0,0,0,2
PAT_260_400_566,1,2.0,0.9159,130.34,110.0,44.21,"(201, 117, 106)","(177, 94, 83)","(189, 105, 94)","(148, 63, 57)","(213, 130, 119)",52.93,3,14.63,0.0,0.0,2.428,0.017,14.79,0,0,1,0,0,0,1
PAT_471_909_353,3,3.0,0.7178,114.59,106.0,35.52,"(95, 99, 101)","(168, 151, 147)","(72, 78, 81)","(126, 122, 121)","(201, 184, 180)",97.85,5,36.23,0.517,0.001,3.403,0.0,110.83,1,0,0,0,0,1,2
PAT_220_1343_489,1,2.0,0.633,112.5,95.0,45.83,"(152, 73, 41)","(185, 116, 94)","(172, 97, 80)","(211, 145, 123)","(164, 85, 66)",59.29,3,14.62,0.0,0.0,2.975,0.397,10.11,0,0,1,0,0,0,1
PAT_479_917_598,1,1.5,0.8616,145.83,144.0,48.71,"(180, 97, 92)","(239, 218, 221)","(189, 126, 129)","(126, 42, 42)","(206, 162, 166)",130.88,5,18.3,0.003,0.013,3.902,0.078,9.62,1,0,1,1,0,1,4
PAT_53_81_522,3,3.0,0.797,140.32,143.0,41.21,"(148, 67, 60)","(206, 163, 154)","(181, 119, 106)","(191, 142, 133)","(166, 93, 83)",73.49,5,81.86,0.0,0.0,3.418,0.07,11.02,0,0,1,0,0,0,1
PAT_53_1144_892,3,3.0,0.5968,118.46,113.0,38.64,"(168, 132, 125)","(109, 73, 75)","(194, 163, 155)","(133, 98, 100)","(232, 222, 215)",116.67,5,72.37,0.009,0.003,3.945,0.007,19.59,1,0,1,1,0,1,4
PAT_158_621_68,3,3.0,0.5574,136.3,124.0,52.4,"(202, 129, 96)","(184, 93, 59)","(216, 151, 121)","(194, 110, 76)","(236, 186, 160)",71.69,4,30.03,0.0,0.0,3.604,0.462,22.63,1,0,1,0,0,0,2
PAT_561_1068_557,3,3.0,0.7908,126.31,129.0,35.93,"(86, 53, 52)","(164, 127, 127)","(181, 153, 158)","(130, 82, 79)","(152, 105, 103)",85.14,5,15.98,0.006,0.013,4.094,0.017,55.35,1,0,1,1,0,1,4
PAT_492_937_126,2,2.5,0.722,112.08,112.0,46.69,"(110, 42, 34)","(169, 135, 134)","(140, 74, 62)","(194, 182, 188)","(155, 103, 92)",109.9,5,71.5,0.031,0.026,4.691,0.25,32.47,1,0,1,1,0,1,4
PAT_432_851_560,2,2.75,0.7889,63.97,53.0,50.6,"(120, 33, 27)","(73, 13, 11)","(170, 101, 93)","(221, 176, 169)","(148, 63, 52)",131.54,5,23.2,0.0,0.419,3.545,0.845,61.02,1,0,1,1,0,1,4
PAT_359_4450_86,3,3.0,0.822,162.41,163.0,20.79,"(198, 173, 178)","(176, 145, 146)","(186, 160, 163)","(163, 130, 129)","(219, 206, 214)",60.42,3,17.78,0.015,0.0,2.495,0.0,5.81,1,0,0,0,0,0,1
PAT_388_1592_850,3,3.0,0.7227,139.58,136.0,46.74,"(165, 86, 78)","(222, 166, 160)","(203, 139, 126)","(250, 209, 208)","(181, 109, 97)",98.23,5,75.91,0.0,0.0,3.401,0.022,23.09,1,0,1,0,0,0,2
PAT_262_402_14,3,3.0,0.7512,125.57,131.0,22.51,"(135, 131, 140)","(102, 97, 102)","(75, 72, 74)","(117, 116, 124)","(143, 144, 156)",63.68,3,11.8,0.66,0.0,3.115,0.0,15.07,0,0,0,0,0,1,1
PAT_480_921_1,1,1.0,0.8474,157.25,143.0,53.1,"(233, 155, 135)","(211, 116, 90)","(250, 194, 175)","(190, 84, 67)","(221, 135, 112)",79.03,5,22.6,0.0,0.0,3.382,0.157,18.67,1,0,1,0,0,0,2
PAT_566_178_625,1,1.75,0.8616,105.14,97.0,28.89,"(133, 85, 72)","(152, 98, 94)","(119, 72, 61)","(160, 107, 104)","(142, 93, 81)",34.08,2,14.47,0.0,0.0,2.278,0.0,12.85,0,0,1,1,0,0,2
PAT_59_93_573,2,2.5,0.6242,126.95,113.0,33.29,"(177, 119, 109)","(155, 92, 82)","(165, 102, 92)","(173, 110, 100)","(184, 131, 119)",29.92,2,18.24,0.0,0.0,1.939,0.0,5.15,0,0,1,1,0,0,2
PAT_123_187_164,3,3.0,0.7178,129.73,127.0,52.78,"(172, 76, 65)","(199, 135, 126)","(225, 174, 167)","(145, 32, 28)","(184, 110, 99)",103.59,5,9.86,0.0,0.015,4.091,0.275,70.72,1,0,1,0,0,0,2
PAT_159_245_181,3,3.0,0.8038,162.31,166.0,31.24,"(177, 151, 147)","(219, 199, 197)","(134, 94, 85)","(159, 126, 119)","(195, 174, 171)",86.11,5,48.72,0.004,0.0,3.561,0.002,16.0,1,0,1,1,0,0,3
PAT_375_764_705,3,3.0,0.7168,98.56,95.0,42.23,"(62, 26, 31)","(157, 97, 93)","(108, 48, 50)","(171, 116, 112)","(143, 79, 77)",82.17,4,7.88,0.0,0.122,3.432,0.136,48.82,0,0,1,1,0,1,3
PAT_286_1459_666,3,3.0,0.8967,137.27,134.0,31.98,"(177, 127, 113)","(167, 112, 99)","(192, 152, 141)","(151, 94, 81)","(184, 140, 128)",46.01,3,13.73,0.0,0.0,2.668,0.0,13.74,0,0,1,0,0,0,1
PAT_8_15_820,2,2.5,0.7964,98.78,97.0,43.6,"(90, 42, 42)","(143, 99, 106)","(193, 163, 177)","(167, 127, 138)","(116, 68, 72)",103.88,5,78.35,0.002,0.061,3.72,0.114,8.94,1,0,1,1,0,0,3
PAT_251_382_576,1,2.0,0.7459,146.83,141.0,42.02,"(189, 130, 121)","(241, 202, 195)","(176, 108, 98)","(151, 79, 77)","(207, 157, 149)",92.65,5,8.22,0.0,0.0,3.442,0.005,34.91,1,0,1,1,0,0,3
PAT_354_1817_500,2,2.5,0.8132,76.65,72.0,32.08,"(57, 39, 36)","(127, 103, 95)","(106, 78, 69)","(156, 144, 139)","(83, 57, 50)",87.0,5,23.68,0.0,0.239,3.245,0.001,57.14,0,0,0,1,0,1,2
PAT_90_138_605,2,2.5,0.7917,77.79,63.0,52.86,"(147, 63, 49)","(100, 8, 7)","(139, 36, 28)","(213, 168, 164)","(159, 94, 81)",117.35,5,27.53,0.0,0.148,3.53,0.79,64.18,1,0,1,1,0,1,4
PAT_535_1011_567,3,3.0,0.8077,167.3,160.0,39.13,"(223, 163, 163)","(194, 103, 112)","(211, 143, 143)","(242, 190, 192)","(203, 124, 127)",62.48,4,18.65,0.0,0.0,3.076,0.001,26.01,1,0,1,0,0,0,2
PAT_422_837_617,3,3.0,0.6061,104.3,109.0,37.81,"(117, 70, 57)","(149, 122, 111)","(173, 161, 153)","(102, 41, 30)","(131, 93, 83)",90.69,5,21.81,0.0,0.022,3.904,0.139,19.59,1,0,1,1,0,1,4
PAT_545_1030_854,3,3.0,0.7231,115.51,119.0,28.18,"(143, 103, 102)","(128, 63, 65)","(137, 84, 85)","(151, 119, 120)","(160, 137, 137)",53.55,2,26.36,0.0,0.0,2.49,0.008,41.75,0,0,1,1,0,0,2
PAT_230_1008_673,3,3.0,0.7902,132.76,114.0,44.33,"(180, 100, 89)","(210, 129, 119)","(193, 111, 101)","(234, 170, 152)","(164, 88, 76)",63.29,3,3.52,0.0,0.0,2.751,0.006,22.6,1,0,1,0,0,0,2
PAT_321_682_236,1,1.0,0.885,89.96,93.0,29.92,"(124, 110, 96)","(101, 73, 53)","(84, 49, 37)","(141, 134, 121)","(114, 92, 75)",65.31,4,5.31,0.0,0.03,3.525,0.104,28.85,0,0,0,1,0,1,2
PAT_152_230_934,3,3.0,0.8436,147.81,124.0,55.54,"(218, 122, 100)","(251, 238, 238)","(213, 104, 80)","(223, 140, 127)","(229, 173, 170)",101.78,4,9.21,0.001,0.0,2.875,0.335,26.6,1,0,1,0,0,0,2
PAT_291_446_704,3,3.0,0.7458,116.99,110.0,39.17,"(227, 213, 211)","(144, 88, 88)","(155, 113, 113)","(184, 154, 154)","(131, 66, 65)",111.75,5,11.93,0.003,0.002,3.167,0.031,3.68,1,0,1,1,0,1,4
PAT_340_714_68,3,3.0,0.6649,84.8,84.0,37.66,"(45, 74, 86)","(101, 140, 154)","(20, 48, 59)","(66, 105, 120)","(120, 113, 113)",84.35,5,36.55,0.891,0.16,4.32,0.238,80.76,0,0,0,1,1,1,3
PAT_430_847_315,3,3.0,0.6913,52.09,39.0,41.62,"(129, 59, 59)","(92, 11, 16)","(43, 5, 5)","(171, 108, 108)","(108, 33, 36)",94.33,5,29.8,0.0,0.521,3.012,0.822,29.95,1,0,1,1,0,1,4
PAT_277_426_825,1,1.0,0.8966,152.79,149.0,47.51,"(203, 125, 130)","(177, 52, 53)","(224, 179, 188)","(212, 149, 158)","(197, 102, 104)",91.13,5,27.85,0.0,0.003,3.374,0.103,12.46,1,0,1,0,0,0,2
PAT_448_875_81,3,3.0,0.7511,131.47,120.0,30.75,"(176, 122, 118)","(163, 82, 84)","(165, 102, 98)","(170, 113, 109)","(182, 136, 133)",36.35,2,6.02,0.0,0.0,1.575,0.001,17.35,0,0,1,0,0,0,1
PAT_43_61_210,3,3.0,0.3467,119.35,110.0,43.29,"(209, 148, 136)","(164, 92, 87)","(125, 54, 47)","(182, 113, 105)","(147, 76, 68)",74.37,5,14.54,0.0,0.003,3.388,0.089,18.14,1,0,1,1,0,1,4
PAT_522_3168_747,1,1.0,0.7734,142.58,143.0,18.57,"(166, 146, 135)","(155, 126, 114)","(173, 155, 148)","(160, 136, 125)","(149, 116, 103)",31.91,2,5.84,0.0,0.0,2.195,0.0,11.63,0,0,1,0,0,0,1
PAT_245_376_197,3,3.0,0.7417,132.55,132.0,30.78,"(164, 114, 122)","(120, 70, 74)","(186, 152, 162)","(176, 132, 141)","(148, 96, 103)",66.95,4,11.25,0.0,0.0,3.218,0.007,6.22,1,0,1,1,0,0,3
PAT_93_361_51,3,3.0,0.8373,104.02,101.0,40.1,"(160, 123, 95)","(103, 74, 56)","(69, 50, 37)","(130, 98, 76)","(190, 152, 120)",88.48,5,63.58,0.0,0.043,4.075,0.062,39.53,0,0,1,1,0,1,3
PAT_482_2928_201,1,1.5,0.8533,118.3,117.0,33.07,"(145, 103, 70)","(164, 127, 94)","(118, 76, 59)","(155, 115, 81)","(172, 141, 110)",47.81,3,27.24,0.0,0.0,2.512,0.008,20.42,0,0,1,1,0,0,2
PAT_46_879_386,3,3.0,0.6418,106.36,95.0,29.35,"(148, 92, 94)","(137, 73, 73)","(155, 101, 104)","(142, 84, 83)","(169, 119, 121)",35.57,2,14.69,0.0,0.0,1.607,0.001,7.54,0,0,1,0,0,0,1
PAT_492_1782_752,3,3.0,0.5447,161.5,170.0,37.97,"(187, 148, 128)","(202, 186, 135)","(177, 147, 82)","(210, 186, 166)","(192, 171, 98)",53.14,5,36.79,0.0,0.0,3.797,0.05,17.75,1,0,1,0,0,0,2
PAT_58_91_845,1,2.0,0.8293,117.62,119.0,31.06,"(169, 126, 138)","(129, 73, 81)","(154, 109, 118)","(113, 56, 63)","(142, 90, 99)",58.25,3,23.37,0.0,0.002,3.017,0.01,8.82,1,0,0,1,0,0,2
PAT_188_289_908,2,2.5,0.755,139.73,142.0,22.37,"(157, 144, 159)","(102, 82, 93)","(135, 107, 120)","(147, 124, 136)","(169, 162, 183)",67.16,4,42.45,0.33,0.0,3.061,0.0,15.85,1,0,0,0,0,0,1
PAT_97_151_503,3,3.0,0.7294,125.0,109.0,62.6,"(243, 179, 164)","(199, 84, 88)","(160, 28, 31)","(217, 116, 113)","(178, 56, 61)",104.92,5,66.57,0.0,0.003,4.085,0.474,37.41,1,0,1,0,0,0,2
PAT_164_255_130,2,2.5,0.6662,160.64,159.0,34.17,"(211, 168, 174)","(179, 121, 131)","(238, 205, 208)","(162, 99, 111)","(193, 144, 151)",79.29,5,24.97,0.0,0.0,3.298,0.0,11.74,1,0,0,0,0,0,1
PAT_181_281_54,1,2.0,0.7594,132.42,134.0,39.56,"(163, 113, 109)","(181, 144, 139)","(106, 66, 58)","(206, 187, 180)","(140, 89, 83)",97.78,5,21.6,0.004,0.0,3.696,0.0,37.47,1,0,1,1,0,0,3
PAT_110_397_52,3,3.0,0.4997,126.82,126.0,25.76,"(179, 169, 163)","(138, 110, 100)","(161, 144, 136)","(127, 93, 85)","(147, 126, 116)",59.22,3,33.7,0.0,0.0,2.968,0.0,15.68,1,0,1,0,0,0,2
PAT_564_1079_430,3,3.0,0.7071,81.39,77.0,28.53,"(107, 44, 50)","(124, 75, 79)","(114, 60, 64)","(131, 89, 92)","(74, 41, 42)",46.59,3,8.31,0.0,0.01,2.329,0.165,15.47,0,0,0,1,0,1,2
PAT_38_1003_68,3,3.0,0.5079,133.66,135.0,18.83,"(156, 138, 135)","(142, 112, 109)","(149, 124, 121)","(169, 153, 151)","(133, 98, 95)",42.43,2,17.54,0.0,0.0,2.254,0.0,15.03,0,0,0,0,0,0,0
PAT_316_674_924,3,3.0,0.6457,143.67,142.0,52.49,"(238, 215, 215)","(158, 106, 104)","(215, 178, 178)","(120, 70, 69)","(188, 141, 138)",118.68,5,84.48,0.0,0.0,4.426,0.002,29.81,1,0,1,1,0,0,3
PAT_93_361_203,3,3.0,0.8032,144.89,139.0,39.4,"(117, 92, 81)","(203, 159, 129)","(175, 135, 112)","(145, 115, 101)","(227, 185, 153)",80.19,5,40.91,0.0,0.0,3.934,0.001,45.11,1,0,1,1,0,0,3
PAT_455_885_115,1,1.0,1.0064,149.02,143.0,32.5,"(171, 116, 113)","(216, 167, 158)","(185, 131, 127)","(199, 148, 139)","(156, 99, 97)",53.7,2,18.69,0.0,0.0,2.76,0.0,10.69,1,0,1,1,0,0,3
PAT_330_697_575,3,3.0,0.5894,94.21,81.0,43.96,"(147, 70, 62)","(182, 124, 117)","(160, 89, 84)","(134, 51, 41)","(101, 14, 11)",81.9,5,7.73,0.0,0.041,2.876,0.437,11.51,1,0,1,1,0,0,3
PAT_16_24_691,1,1.0,0.901,96.01,83.0,38.03,"(129, 64, 55)","(162, 97, 84)","(184, 122, 109)","(144, 78, 67)","(110, 50, 47)",59.38,3,25.39,0.0,0.002,2.753,0.153,6.95,0,0,1,1,0,0,2
PAT_354_1814_153,3,3.0,0.4963,116.36,113.0,27.69,"(135, 104, 99)","(219, 213, 212)","(113, 86, 81)","(150, 123, 120)","(172, 155, 154)",101.23,5,23.02,0.002,0.001,2.801,0.0,25.9,1,0,1,1,0,1,4
PAT_304_4186_458,3,3.0,0.4192,112.98,109.0,28.99,"(104, 79, 71)","(140, 114, 107)","(177, 168, 167)","(160, 140, 137)","(120, 94, 86)",76.01,4,53.35,0.0,0.0,2.871,0.0,26.43,1,0,0,0,0,0,1
PAT_535_1010_303,1,2.0,0.8601,143.91,128.0,47.66,"(193, 89, 81)","(213, 142, 137)","(205, 122, 116)","(199, 106, 99)","(231, 178, 176)",65.1,4,47.07,0.0,0.0,2.754,0.061,8.46,1,0,1,0,0,0,2
PAT_83_126_820,1,1.0,0.8574,67.46,67.0,32.02,"(99, 30, 25)","(122, 79, 78)","(117, 48, 42)","(68, 33, 31)","(88, 68, 70)",52.1,5,36.11,0.014,0.211,3.654,0.381,24.69,0,0,1,1,0,1,3
PAT_38_53_198,2,2.5,0.8072,101.8,98.0,39.4,"(104, 50, 57)","(158, 97, 95)","(132, 73, 75)","(183, 121, 117)","(55, 19, 24)",91.62,5,31.6,0.0,0.035,3.158,0.036,35.81,0,0,1,1,0,1,3
PAT_524_987_738,1,1.5,0.8613,140.51,124.0,54.84,"(248, 191, 186)","(200, 93, 88)","(222, 145, 141)","(208, 115, 112)","(190, 77, 68)",85.16,4,49.26,0.0,0.0,3.344,0.263,4.11,1,0,1,0,0,0,2
PAT_79_120_532,3,3.0,0.4704,97.67,84.0,38.14,"(143, 78, 56)","(184, 132, 111)","(158, 98, 78)","(135, 60, 40)","(149, 86, 65)",51.67,3,3.79,0.0,0.0,1.693,0.383,1.8,0,0,1,0,0,0,1
PAT_537_1014_452,1,1.0,0.8641,152.19,153.0,20.68,"(152, 161, 162)","(141, 143, 141)","(128, 124, 115)","(164, 175, 176)","(178, 193, 195)",57.38,2,24.54,0.331,0.0,2.687,0.0,16.2,1,0,0,0,0,0,1
PAT_228_348_535,3,3.0,0.7285,84.65,82.0,40.64,"(131, 69, 67)","(84, 20, 22)","(164, 115, 116)","(110, 44, 47)","(148, 91, 89)",77.18,5,35.6,0.0,0.124,3.528,0.351,55.5,1,0,1,1,0,1,4
PAT_274_423_374,1,2.0,0.8466,144.41,145.0,22.07,"(181, 150, 160)","(145, 111, 118)","(169, 137, 147)","(127, 90, 97)","(154, 123, 135)",50.22,3,26.02,0.019,0.0,2.659,0.0,12.46,1,0,0,0,0,1,2
PAT_471_909_344,3,3.0,0.6326,92.42,82.0,38.59,"(59, 49, 48)","(156, 123, 116)","(118, 94, 88)","(84, 72, 69)","(190, 157, 154)",100.19,5,14.14,0.011,0.078,3.798,0.0,115.79,1,0,1,1,0,1,4
PAT_40_56_160,1,2.0,0.8684,103.03,90.0,34.44,"(138, 79, 72)","(167, 110, 100)","(189, 147, 133)","(124, 65, 58)","(152, 91, 83)",61.82,3,22.38,0.0,0.0,2.397,0.016,4.14,0,0,1,1,0,0,2
PAT_498_944_488,1,1.0,0.8724,144.78,144.0,22.73,"(166, 120, 134)","(171, 132, 144)","(160, 104, 117)","(206, 173, 186)","(176, 144, 155)",50.14,2,7.2,0.0,0.0,2.365,0.0,7.03,1,0,0,0,0,0,1
PAT_36_50_14,3,3.0,0.6467,94.84,79.0,39.2,"(177, 120, 108)","(130, 68, 61)","(147, 85, 77)","(219, 168, 151)","(114, 53, 46)",92.03,3,7.17,0.0,0.002,2.833,0.114,7.28,1,0,1,1,0,0,3
PAT_330_695_90,1,1.0,0.8042,143.31,131.0,49.67,"(196, 111, 83)","(216, 149, 125)","(206, 129, 101)","(237, 186, 168)","(183, 88, 63)",73.46,4,23.02,0.0,0.0,3.186,0.224,10.64,1,0,1,0,0,0,2
PAT_288_441_312,1,1.0,0.8947,115.82,109.0,34.22,"(165, 126, 113)","(139, 73, 62)","(156, 105, 94)","(193, 167, 153)","(148, 89, 78)",67.38,3,32.93,0.0,0.0,2.946,0.028,30.87,1,0,1,0,0,0,2
PAT_46_880_308,2,2.5,0.6927,100.29,92.0,25.77,"(115, 61, 69)","(144, 98, 100)","(134, 83, 89)","(165, 129, 133)","(126, 74, 79)",49.78,3,7.19,0.0,0.001,2.278,0.003,14.48,0,0,1,1,0,0,2
PAT_373_2598_235,3,3.0,0.5603,116.26,117.0,33.14,"(140, 108, 95)","(189, 160, 149)","(101, 60, 47)","(160, 130, 118)","(120, 87, 73)",81.94,5,57.48,0.0,0.002,3.324,0.027,7.01,1,0,1,1,0,0,3
PAT_118_180_500,2,2.5,0.7616,80.79,80.0,33.9,"(146, 114, 111)","(102, 61, 59)","(50, 26, 27)","(122, 83, 82)","(78, 43, 42)",76.73,5,3.48,0.001,0.163,3.184,0.029,39.72,0,0,1,1,0,1,3
PAT_326_690_823,1,1.0,0.8582,135.65,130.0,36.36,"(175, 106, 98)","(187, 143, 150)","(181, 123, 120)","(169, 91, 84)","(206, 178, 188)",69.28,3,57.33,0.0,0.0,2.503,0.0,17.59,1,0,1,0,0,0,2
PAT_173_268_1000,1,2.0,0.8758,72.83,73.0,26.91,"(60, 38, 20)","(91, 77, 60)","(76, 59, 42)","(127, 114, 97)","(107, 96, 79)",63.12,4,38.46,0.0,0.158,3.412,0.137,48.19,0,0,0,1,0,1,2
PAT_435_854_68,3,3.0,0.5996,126.17,126.0,26.81,"(168, 148, 151)","(141, 108, 97)","(153, 123, 116)","(131, 96, 84)","(191, 178, 181)",70.74,3,8.93,0.002,0.0,2.573,0.0,33.95,1,0,1,0,0,0,2
PAT_208_314_741,1,1.0,0.7979,117.82,119.0,27.83,"(131, 91, 86)","(165, 143, 143)","(146, 107, 103)","(111, 75, 72)","(157, 127, 124)",56.94,2,58.94,0.0,0.0,2.951,0.0,19.11,0,0,1,1,0,0,2
PAT_211_319_777,2,2.0,0.8187,124.66,109.0,39.89,"(172, 100, 92)","(163, 88, 77)","(192, 125, 111)","(178, 99, 81)","(184, 112, 98)",28.86,2,3.49,0.0,0.0,2.52,0.022,7.62,0,0,1,0,0,0,1
PAT_83_126_513,1,1.5,0.8603,101.61,101.0,42.52,"(122, 55, 43)","(167, 141, 133)","(126, 78, 71)","(79, 35, 32)","(150, 105, 92)",85.12,5,57.11,0.004,0.067,4.073,0.213,25.71,0,0,1,1,0,1,3
PAT_259_399_801,3,3.0,0.7639,125.52,127.0,22.89,"(137, 119, 117)","(114, 86, 76)","(159, 154, 159)","(145, 136, 136)","(125, 105, 100)",56.89,3,32.74,0.132,0.0,2.984,0.0,1.15,0,0,1,0,0,0,1
PAT_74_112_729,3,3.0,0.699,118.9,120.0,44.39,"(160, 142, 138)","(118, 78, 76)","(192, 184, 177)","(79, 35, 33)","(136, 105, 104)",114.15,5,67.65,0.031,0.061,4.377,0.06,18.79,1,0,1,1,0,1,4
PAT_61_299_74,1,2.0,0.8533,112.18,111.0,24.49,"(106, 93, 83)","(140, 126, 116)","(159, 147, 141)","(123, 110, 100)","(92, 80, 71)",58.72,3,19.16,0.001,0.0,3.0,0.0,29.24,0,0,0,0,0,0,0
PAT_378_770_302,3,3.0,0.6218,126.29,105.0,55.28,"(235, 164, 152)","(180, 77, 61)","(207, 116, 101)","(193, 94, 79)","(161, 54, 38)",82.42,4,22.17,0.0,0.001,3.487,0.465,6.79,1,0,1,0,0,0,2
PAT_299_1452_1,3,3.0,0.4379,134.61,131.0,27.14,"(151, 110, 102)","(174, 138, 134)","(194, 167, 166)","(141, 93, 81)","(160, 122, 116)",59.51,3,16.41,0.0,0.0,2.837,0.0,10.24,1,0,1,0,0,0,2
PAT_398_799_163,1,2.0,0.6991,77.44,74.0,37.32,"(74, 51, 48)","(125, 103, 96)","(43, 29, 30)","(142, 129, 124)","(104, 78, 71)",85.61,5,1.45,0.02,0.286,3.486,0.0,84.83,0,0,0,1,0,1,2
PAT_243_372_640,3,3.0,0.7716,87.41,72.0,48.0,"(125, 41, 29)","(158, 77, 59)","(213, 142, 121)","(144, 59, 44)","(175, 103, 80)",78.02,4,44.97,0.0,0.001,2.909,0.812,34.99,0,0,1,0,0,0,1
PAT_193_297_295,3,3.0,0.62,163.59,161.0,36.42,"(190, 141, 130)","(216, 189, 186)","(197, 161, 156)","(181, 119, 103)","(246, 230, 229)",87.93,5,41.07,0.0,0.0,3.495,0.0,23.81,1,0,1,0,0,0,2
PAT_76_1039_269,3,3.0,0.5442,135.71,137.0,25.43,"(166, 148, 142)","(156, 127, 124)","(128, 90, 87)","(181, 176, 167)","(145, 110, 108)",62.65,3,31.45,0.0,0.0,3.104,0.0,29.76,1,0,1,0,0,0,2
PAT_290_445_686,1,2.0,0.8645,110.33,107.0,37.27,"(121, 79, 84)","(171, 143, 152)","(85, 58, 60)","(144, 108, 116)","(204, 189, 200)",111.86,5,21.38,0.035,0.012,4.045,0.002,55.08,1,0,1,1,0,1,4
PAT_422_837_683,1,2.0,0.8377,103.38,102.0,29.27,"(138, 88, 101)","(99, 49, 59)","(125, 70, 81)","(161, 126, 141)","(148, 103, 118)",62.53,3,12.94,0.002,0.011,3.046,0.014,16.98,0,0,0,1,0,1,2
PAT_191_293_314,3,3.0,0.6119,120.16,120.0,31.23,"(142, 121, 118)","(89, 70, 66)","(166, 141, 141)","(119, 98, 94)","(187, 169, 167)",84.71,5,15.18,0.0,0.002,3.647,0.0,38.83,1,0,0,1,0,1,3
PAT_566_179_23,3,3.0,0.6003,178.29,181.0,20.99,"(192, 156, 167)","(205, 181, 195)","(183, 143, 150)","(159, 121, 123)","(198, 168, 181)",50.42,3,0.0,0.007,0.0,2.584,0.0,9.51,1,0,0,0,0,0,1
PAT_506_957_377,3,3.0,0.4786,170.05,171.0,35.32,"(212, 177, 183)","(143, 99, 92)","(190, 150, 157)","(232, 206, 212)","(169, 131, 131)",89.92,5,51.24,0.007,0.0,3.836,0.001,21.79,1,0,1,0,0,0,2
PAT_365_750_854,2,2.5,0.6077,118.88,112.0,35.19,"(151, 99, 76)","(171, 123, 98)","(163, 110, 88)","(130, 73, 52)","(182, 139, 112)",48.99,3,21.22,0.0,0.0,2.693,0.056,4.35,1,0,1,1,0,0,3
PAT_366_2448_563,3,3.0,0.6206,131.55,131.0,31.61,"(134, 115, 118)","(175, 168, 173)","(116, 90, 84)","(155, 141, 145)","(203, 206, 214)",95.28,5,58.6,0.176,0.0,3.795,0.0,24.83,1,0,1,1,0,0,3
PAT_263_1480_753,3,3.0,0.6214,118.55,110.0,47.43,"(196, 126, 108)","(142, 63, 55)","(167, 84, 70)","(217, 156, 139)","(183, 107, 88)",71.45,5,10.85,0.0,0.0,3.438,0.262,39.03,1,0,1,1,0,0,3
PAT_63_99_189,3,3.0,0.8736,107.53,107.0,26.37,"(132, 85, 72)","(141, 112, 106)","(122, 68, 55)","(146, 128, 123)","(139, 100, 90)",46.5,2,23.22,0.0,0.0,2.435,0.021,25.27,0,0,1,1,0,0,2
PAT_15_1001_749,3,3.0,0.7011,93.51,83.0,41.28,"(135, 73, 48)","(170, 108, 78)","(151, 88, 62)","(110, 58, 38)","(192, 136, 110)",65.7,4,4.24,0.0,0.001,3.099,0.537,40.71,0,0,1,1,0,0,2
PAT_582_1363_358,2,2.5,0.8327,171.52,158.0,41.12,"(208, 133, 126)","(234, 167, 158)","(247, 198, 199)","(221, 149, 140)","(190, 112, 107)",66.34,4,13.95,0.0,0.0,3.113,0.0,18.1,1,0,1,0,0,0,2
PAT_386_1554_280,3,3.0,0.1974,122.6,115.0,34.04,"(122, 68, 67)","(160, 111, 111)","(218, 192, 187)","(146, 90, 90)","(182, 142, 140)",95.18,5,10.2,0.0,0.001,3.178,0.004,12.08,1,0,1,1,0,1,4
PAT_380_1540_432,3,3.0,0.5723,114.64,105.0,26.37,"(147, 92, 90)","(153, 110, 106)","(138, 77, 75)","(150, 103, 97)","(158, 120, 118)",30.65,1,10.27,0.0,0.0,1.73,0.0,4.06,0,0,1,1,0,0,2
PAT_251_382_164,3,3.0,0.8176,111.09,115.0,27.61,"(136, 98, 98)","(126, 79, 81)","(153, 134, 136)","(118, 60, 60)","(144, 115, 116)",55.36,2,15.27,0.0,0.0,2.851,0.007,37.85,0,0,0,1,0,0,1
PAT_581_1114_116,3,3.0,0.7234,135.25,142.0,45.82,"(196, 198, 215)","(109, 66, 65)","(168, 155, 168)","(143, 82, 83)","(154, 118, 125)",110.95,5,101.14,0.299,0.0,4.187,0.001,33.28,1,0,1,1,0,0,3
PAT_168_262_74,3,3.0,0.7545,133.62,141.0,38.01,"(209, 186, 186)","(168, 119, 119)","(183, 144, 149)","(142, 76, 69)","(156, 97, 91)",85.54,5,18.52,0.007,0.001,3.378,0.007,19.78,1,0,1,1,0,1,4
PAT_358_738_837,3,3.0,0.7327,129.81,128.0,23.19,"(160, 133, 137)","(149, 107, 112)","(192, 175, 179)","(146, 87, 90)","(154, 120, 125)",61.28,3,2.44,0.003,0.0,2.342,0.0,9.53,1,0,1,0,0,0,2
PAT_154_235_30,1,2.0,0.7968,162.34,171.0,51.56,"(221, 181, 147)","(187, 91, 46)","(209, 150, 114)","(235, 209, 181)","(199, 123, 81)",92.38,5,5.58,0.0,0.0,3.964,0.221,3.09,1,0,1,0,0,0,2
PAT_485_928_796,3,3.0,0.6815,91.51,83.0,33.9,"(121, 69, 52)","(146, 96, 75)","(134, 81, 63)","(110, 57, 39)","(162, 115, 94)",46.85,3,35.31,0.0,0.0,2.666,0.217,6.24,1,0,1,1,0,0,3
PAT_535_1012_145,2,2.5,0.7325,169.28,160.0,40.97,"(220, 153, 156)","(201, 112, 113)","(251, 222, 223)","(235, 180, 182)","(210, 133, 135)",79.58,5,9.06,0.0,0.0,2.733,0.0,8.53,1,0,1,0,0,0,2
PAT_90_138_369,1,1.0,0.8904,124.0,125.0,64.79,"(228, 171, 156)","(197, 70, 57)","(211, 140, 123)","(178, 43, 34)","(204, 107, 91)",93.12,5,17.01,0.0,0.001,3.79,0.596,83.28,1,0,1,0,0,0,2
PAT_346_720_265,1,1.0,0.8878,112.54,117.0,29.01,"(145, 116, 122)","(127, 82, 85)","(126, 58, 62)","(159, 138, 147)","(134, 97, 102)",59.48,4,13.84,0.0,0.0,3.148,0.023,19.51,0,0,1,0,0,0,1
PAT_187_287_482,3,3.0,0.565,115.99,112.0,29.17,"(120, 80, 82)","(155, 108, 112)","(188, 152, 154)","(135, 92, 95)","(171, 128, 131)",61.6,4,6.46,0.0,0.0,2.924,0.0,35.6,1,0,1,0,0,0,2
PAT_73_111_609,3,3.0,0.6804,132.37,131.0,53.07,"(178, 79, 63)","(205, 144, 131)","(193, 110, 94)","(223, 191, 182)","(149, 57, 42)",103.26,5,8.94,0.0,0.0,3.885,0.355,10.51,1,0,1,1,0,0,3
PAT_132_198_114,3,3.0,0.6487,143.15,125.0,58.62,"(207, 83, 79)","(225, 140, 126)","(216, 115, 107)","(197, 43, 51)","(243, 179, 159)",87.16,5,16.24,0.0,0.0,3.577,0.264,22.17,1,0,1,0,0,0,2
PAT_153_1200_541,3,3.0,0.696,140.12,141.0,41.77,"(199, 160, 147)","(141, 90, 76)","(165, 116, 99)","(219, 190, 178)","(184, 137, 123)",79.9,5,82.53,0.0,0.0,3.381,0.0,4.62,1,0,1,0,0,0,2
PAT_479_919_97,3,3.0,0.5889,130.07,127.0,39.03,"(116, 57, 69)","(181, 137, 140)","(164, 109, 112)","(212, 183, 188)","(154, 85, 87)",95.68,5,18.92,0.004,0.005,4.058,0.036,9.2,1,0,1,1,0,1,4
PAT_99_153_636,2,2.5,0.6598,101.81,101.0,49.91,"(145, 103, 97)","(218, 222, 221)","(119, 43, 32)","(171, 157, 154)","(130, 71, 62)",138.05,5,37.7,0.026,0.023,3.945,0.344,3.4,1,0,1,1,0,1,4
PAT_545_1029_650,3,3.0,0.7033,132.6,136.0,25.6,"(147, 92, 95)","(160, 129, 130)","(155, 112, 114)","(169, 146, 146)","(131, 72, 74)",54.6,3,3.61,0.0,0.0,2.67,0.001,32.13,1,0,1,1,0,0,3
PAT_86_1082_220,3,3.0,0.739,130.3,129.0,30.26,"(154, 117, 113)","(191, 166, 165)","(136, 98, 95)","(170, 137, 134)","(107, 75, 76)",74.24,5,18.3,0.0,0.0,3.183,0.0,39.24,1,0,1,1,0,0,3
PAT_419_832_706,3,3.0,0.6614,83.57,79.0,43.34,"(145, 87, 93)","(98, 37, 42)","(173, 131, 137)","(71, 25, 32)","(123, 60, 62)",90.34,5,86.83,0.001,0.149,3.835,0.331,31.06,1,0,1,1,0,1,4
PAT_359_741_973,3,3.0,0.5739,119.83,110.0,31.7,"(169, 116, 105)","(131, 76, 65)","(148, 93, 80)","(180, 134, 126)","(158, 104, 91)",47.08,2,12.43,0.0,0.0,2.521,0.001,2.55,0,0,1,1,0,0,2
PAT_158_243_947,1,2.0,0.7559,132.73,120.0,52.08,"(190, 103, 69)","(207, 138, 113)","(180, 64, 37)","(198, 119, 90)","(226, 172, 152)",77.63,4,2.63,0.0,0.001,3.102,0.429,10.7,1,0,1,1,0,0,3
PAT_384_782_292,1,2.0,0.7849,191.29,187.0,33.18,"(204, 135, 131)","(239, 187, 183)","(227, 171, 166)","(252, 206, 204)","(216, 155, 151)",55.2,3,18.23,0.0,0.0,2.481,0.0,8.16,1,0,1,0,0,0,2
PAT_460_894_401,3,3.0,0.729,104.13,103.0,47.21,"(162, 103, 84)","(111, 46, 28)","(181, 130, 112)","(215, 182, 168)","(139, 76, 57)",106.16,5,47.23,0.0,0.043,3.943,0.353,5.51,1,0,1,1,0,1,4
PAT_386_784_470,1,2.0,0.8691,88.71,78.0,42.41,"(130, 57, 46)","(163, 92, 82)","(181, 117, 106)","(119, 44, 35)","(144, 75, 64)",59.74,3,25.51,0.0,0.004,2.92,0.545,28.82,0,0,1,1,0,0,2
PAT_397_797_638,3,3.0,0.5761,130.91,129.0,24.19,"(164, 126, 133)","(144, 94, 103)","(175, 145, 155)","(148, 114, 112)","(156, 105, 124)",39.11,3,26.47,0.005,0.0,2.866,0.0,13.66,0,0,1,0,0,0,1
PAT_412_817_232,1,2.0,0.7677,145.9,133.0,39.49,"(192, 126, 106)","(211, 155, 139)","(186, 112, 92)","(231, 185, 173)","(199, 139, 121)",56.8,3,5.52,0.0,0.0,2.95,0.001,6.49,1,0,1,0,0,0,2
PAT_87_133_159,3,3.0,0.2022,123.63,121.0,34.73,"(132, 96, 74)","(189, 158, 134)","(167, 130, 106)","(109, 83, 63)","(148, 110, 88)",64.26,3,16.49,0.0,0.0,3.222,0.0,43.23,0,0,1,0,0,0,1
PAT_9_17_80,3,3.0,0.441,122.06,116.0,34.44,"(164, 109, 105)","(150, 93, 88)","(197, 155, 147)","(134, 75, 70)","(179, 126, 122)",62.22,3,27.42,0.0,0.0,2.842,0.001,5.52,0,0,1,1,0,0,2
PAT_219_336_376,1,1.0,0.8721,158.32,157.0,57.13,"(215, 174, 156)","(140, 102, 82)","(244, 234, 209)","(89, 62, 47)","(186, 137, 119)",139.55,5,18.4,0.014,0.014,5.171,0.021,38.88,1,0,1,1,0,1,4
PAT_537_1014_961,3,3.0,0.4632,139.45,139.0,22.95,"(114, 107, 94)","(160, 158, 151)","(179, 181, 176)","(144, 140, 133)","(129, 124, 114)",63.08,4,6.78,0.021,0.0,3.182,0.0,8.89,1,0,0,0,0,0,1
PAT_172_266_950,3,3.0,0.389,136.45,136.0,24.21,"(151, 135, 150)","(119, 97, 111)","(164, 152, 170)","(136, 116, 130)","(177, 172, 192)",62.06,4,27.06,0.401,0.0,3.318,0.0,15.59,0,0,0,0,0,0,0
PAT_260_400_842,3,3.0,0.8089,165.29,158.0,32.84,"(199, 141, 146)","(210, 159, 165)","(161, 71, 78)","(188, 121, 125)","(231, 187, 192)",82.75,4,12.09,0.0,0.0,2.39,0.012,6.6,1,0,0,0,0,0,1
PAT_211_317_649,3,3.0,0.4814,96.4,95.0,38.09,"(136, 94, 85)","(70, 39, 40)","(112, 63, 55)","(153, 128, 122)","(178, 167, 168)",106.02,5,29.55,0.016,0.045,4.071,0.114,42.29,1,0,1,1,0,1,4
PAT_161_250_338,3,3.0,0.6703,116.02,113.0,30.71,"(137, 73, 77)","(164, 128, 137)","(117, 46, 50)","(152, 106, 114)","(147, 93, 100)",61.8,4,1.9,0.0,0.0,2.614,0.064,19.96,0,0,1,1,0,0,2
PAT_179_278_331,2,2.5,0.7883,121.11,122.0,21.74,"(160, 135, 148)","(126, 95, 99)","(136, 108, 116)","(147, 121, 129)","(116, 78, 80)",48.65,2,28.18,0.001,0.0,2.787,0.0,11.84,1,0,0,1,0,0,2
PAT_565_1073_749,3,3.0,0.5824,108.51,88.0,42.58,"(171, 93, 84)","(160, 72, 64)","(179, 108, 98)","(150, 55, 48)","(165, 82, 74)",37.58,2,8.18,0.0,0.0,1.893,0.209,20.93,0,0,1,0,0,0,1
PAT_547_1033_445,3,3.0,0.6216,100.87,95.0,20.36,"(124, 89, 79)","(139, 112, 109)","(117, 82, 70)","(133, 102, 97)","(129, 95, 87)",26.4,2,16.27,0.0,0.0,1.956,0.0,2.5,0,0,0,0,0,0,0
PAT_451_878_890,3,3.0,0.618,149.7,139.0,39.11,"(186, 125, 101)","(232, 184, 166)","(164, 107, 75)","(207, 149, 132)","(197, 136, 118)",63.95,4,12.59,0.0,0.0,2.95,0.007,6.27,1,0,1,0,0,0,2
PAT_513_964_447,3,3.0,0.8422,102.76,99.0,29.97,"(76, 34, 46)","(136, 109, 129)","(96, 68, 79)","(163, 152, 181)","(114, 86, 101)",95.0,5,58.43,0.171,0.017,3.495,0.015,13.94,1,0,0,1,0,1,3
PAT_13_21_350,3,3.0,0.7589,77.49,71.0,42.02,"(105, 40, 31)","(164, 92, 82)","(143, 72, 63)","(86, 24, 16)","(122, 54, 45)",60.92,3,43.37,0.0,0.144,3.113,0.578,18.42,0,0,1,1,0,1,3
PAT_573_1090_164,1,1.0,0.8762,158.6,154.0,40.88,"(195, 143, 117)","(223, 198, 173)","(207, 169, 143)","(247, 233, 212)","(188, 127, 101)",82.49,4,49.02,0.0,0.0,3.03,0.0,6.42,1,0,1,0,0,0,2
PAT_473_911_630,3,3.0,0.4588,159.45,157.0,28.8,"(186, 130, 144)","(202, 159, 177)","(179, 114, 126)","(220, 180, 197)","(192, 143, 160)",51.62,3,5.6,0.0,0.0,2.938,0.0,13.9,1,0,1,0,0,0,2
PAT_145_216_924,3,3.0,0.7037,113.26,111.0,45.15,"(172, 170, 181)","(114, 66, 72)","(142, 117, 125)","(57, 33, 45)","(96, 88, 103)",108.85,5,0.0,0.397,0.063,5.178,0.036,55.39,1,0,1,1,0,1,4
PAT_430_848_476,2,2.0,0.7822,108.21,104.0,34.83,"(154, 104, 101)","(122, 64, 64)","(143, 81, 81)","(168, 129, 124)","(190, 164, 158)",75.26,5,30.06,0.0,0.001,3.101,0.012,0.98,1,0,1,1,0,0,3
PAT_149_221_679,3,3.0,0.7407,107.88,105.0,21.25,"(123, 83, 90)","(141, 109, 113)","(113, 57, 72)","(135, 98, 104)","(133, 85, 96)",33.95,3,7.48,0.0,0.004,2.438,0.006,17.29,0,0,0,1,0,1,2
PAT_93_361_231,3,3.0,0.2975,80.53,73.0,19.67,"(86, 59, 64)","(113, 72, 73)","(98, 65, 69)","(131, 83, 81)","(146, 96, 95)",38.88,2,16.91,0.0,0.0,2.396,0.0,24.54,0,0,1,0,0,0,1
PAT_93_142_269,1,1.0,0.8569,99.71,100.0,29.44,"(130, 97, 86)","(145, 116, 105)","(96, 64, 49)","(113, 80, 65)","(158, 136, 128)",62.05,4,17.81,0.0,0.0,3.086,0.016,17.29,0,0,1,1,0,0,2
PAT_491_934_46,1,1.0,0.8744,151.94,145.0,39.04,"(223, 183, 166)","(188, 116, 101)","(197, 136, 121)","(206, 156, 141)","(164, 86, 73)",70.63,3,7.81,0.0,0.0,3.176,0.012,4.15,1,0,1,0,0,0,2
PAT_423_839_717,3,3.0,0.6509,139.39,139.0,28.6,"(158, 130, 132)","(198, 186, 190)","(144, 91, 92)","(176, 147, 150)","(153, 112, 114)",69.99,4,40.37,0.013,0.0,3.124,0.001,26.56,1,0,1,1,0,0,3
PAT_265_406_276,2,2.5,0.8798,119.88,115.0,36.51,"(149, 91, 89)","(186, 131, 129)","(132, 70, 68)","(213, 162, 163)","(166, 110, 108)",75.56,5,5.18,0.0,0.0,3.075,0.002,23.3,1,0,1,0,0,0,2
PAT_492_937_43,1,1.0,0.8591,116.15,118.0,30.72,"(143, 120, 133)","(110, 80, 82)","(160, 144, 165)","(79, 50, 49)","(130, 99, 106)",82.72,5,12.63,0.174,0.017,3.84,0.003,31.29,1,0,0,1,0,1,3
PAT_243_372_119,3,3.0,0.8824,98.89,99.0,31.23,"(88, 58, 76)","(137, 108, 122)","(119, 80, 94)","(65, 45, 62)","(150, 138, 163)",82.67,4,29.65,0.184,0.01,3.69,0.0,38.93,0,0,0,0,0,0,0
PAT_514_969_995,1,2.0,0.8478,143.7,144.0,11.78,"(146, 126, 120)","(154, 145, 140)","(170, 169, 170)","(151, 136, 131)","(160, 153, 150)",33.52,2,6.62,0.022,0.0,1.629,0.0,3.37,1,0,0,0,0,0,1
PAT_230_350_872,3,3.0,0.6592,188.06,180.0,29.49,"(222, 166, 163)","(236, 191, 188)","(209, 140, 138)","(217, 154, 151)","(228, 177, 175)",37.55,3,2.94,0.0,0.0,2.184,0.0,7.12,1,0,1,0,0,0,2
PAT_567_1077_64,3,3.0,0.7494,130.33,121.0,52.85,"(197, 106, 106)","(161, 53, 52)","(211, 132, 131)","(235, 167, 168)","(181, 80, 82)",86.99,5,4.54,0.0,0.001,3.601,0.253,50.06,1,0,1,0,0,0,2
PAT_567_1078_978,1,2.0,0.806,110.06,97.0,54.15,"(176, 77, 84)","(215, 158, 164)","(131, 32, 38)","(191, 108, 117)","(163, 55, 58)",96.27,5,42.31,0.0,0.009,3.966,0.541,37.23,1,0,1,1,0,1,4
PAT_309_662_76,3,3.0,0.5075,94.05,81.0,57.82,"(179, 102, 74)","(158, 59, 20)","(130, 30, 4)","(168, 79, 51)","(198, 130, 101)",76.83,5,8.84,0.0,0.034,3.878,0.831,38.81,0,0,1,1,0,0,2
